{
    "duration": 231.65167760849,
    "p50-latency-0": 55458.48608016968,
    "throughput-0": 12.90300759795583,
    "p95-latency-0": 106249.25097227095,
    "p99-latency-0": 110600.72810411453,
    "p50-latency-1": 84711.80522441864,
    "throughput-1": 54.145988459467404,
    "p95-latency-1": 161453.73361110687,
    "p99-latency-1": 168101.4435696602
}