{
    "duration": 314.57568979263306,
    "p50-latency-1": 96872.46417999268,
    "throughput-1": 9.527123096142876,
    "p95-latency-1": 184919.28988695145,
    "p99-latency-1": 192461.2608933449,
    "p50-latency-0": 96865.30327796936,
    "throughput-0": 9.503371872411162,
    "p95-latency-0": 185060.70709228513,
    "p99-latency-0": 192635.47604322433
}