{
    "duration": 238.5024540424347,
    "p50-latency-1": 95696.69342041016,
    "throughput-1": 19.526029913093552,
    "p95-latency-1": 182907.35338926312,
    "p99-latency-1": 190560.72326660156,
    "p50-latency-0": 58764.22429084778,
    "throughput-0": 12.533126651358716,
    "p95-latency-0": 112745.834338665,
    "p99-latency-0": 117365.84916591644
}