{
    "duration": 247.1241636276245,
    "p50-latency-0": 63165.626764297485,
    "throughput-0": 12.09523982513606,
    "p95-latency-0": 120936.68851852416,
    "p99-latency-0": 125910.15847682953,
    "p50-latency-1": 100755.0151348114,
    "throughput-1": 36.912670776791465,
    "p95-latency-1": 192231.30531311035,
    "p99-latency-1": 200487.0339727402
}