{
    "duration": 101.90959763526917,
    "p50-latency-1": 34571.513652801514,
    "throughput-1": 31.900882351097778,
    "p95-latency-1": 65862.85216808319,
    "p99-latency-1": 68816.27911806107,
    "p50-latency-0": 28209.423065185547,
    "throughput-0": 90.17053427616727,
    "p95-latency-0": 54011.89653873443,
    "p99-latency-0": 56409.73809957504
}