{
    "duration": 168.99928426742554,
    "p50-latency-1": 41182.53135681152,
    "throughput-1": 12.852140920198018,
    "p95-latency-1": 77992.45572090149,
    "p99-latency-1": 80959.87975120544,
    "p50-latency-0": 61431.46061897278,
    "throughput-0": 54.38395013231979,
    "p95-latency-0": 117717.72195100783,
    "p99-latency-0": 122819.23647165298
}