{
    "duration": 107.93400192260742,
    "p50-latency-1": 31199.34904575348,
    "throughput-1": 85.15409704957695,
    "p95-latency-1": 59735.978782176964,
    "p99-latency-1": 62376.878526210785,
    "p50-latency-0": 31208.36293697357,
    "throughput-0": 85.14071483390089,
    "p95-latency-0": 59733.306014537804,
    "p99-latency-0": 62375.19000053406
}