{
    "duration": 107.38686871528625,
    "p50-latency-1": 38249.42994117737,
    "throughput-1": 57.07409266887747,
    "p95-latency-1": 73113.91359567642,
    "p99-latency-1": 76225.56444168091,
    "p50-latency-0": 30910.51948070526,
    "throughput-0": 85.57128108312088,
    "p95-latency-0": 59208.46220254897,
    "p99-latency-0": 61838.19432735443
}