{
    "duration": 160.95913076400757,
    "p50-latency-0": 57590.65127372742,
    "throughput-0": 57.089365682051685,
    "p95-latency-0": 110111.3136410713,
    "p99-latency-0": 114879.72232103348,
    "p50-latency-1": 46193.10450553894,
    "throughput-1": 85.56225501315976,
    "p95-latency-1": 88325.48098564148,
    "p99-latency-1": 92163.67525100708
}