{
    "duration": 248.7164580821991,
    "p50-latency-1": 63536.26346588135,
    "throughput-1": 12.110181105334375,
    "p95-latency-1": 121702.60739326477,
    "p99-latency-1": 126480.60165405273,
    "p50-latency-0": 101466.82643890381,
    "throughput-0": 36.95040225643324,
    "p95-latency-0": 193431.8237662315,
    "p99-latency-0": 201724.11431074142
}