{
    "duration": 255.46744513511658,
    "p50-latency-1": 63503.17859649658,
    "throughput-1": 12.518238820797274,
    "p95-latency-1": 120973.18189144135,
    "p99-latency-1": 126492.9596042633,
    "p50-latency-0": 102515.38181304932,
    "throughput-0": 19.52970950397739,
    "p95-latency-0": 195746.8648672104,
    "p99-latency-0": 204015.60943603516
}