{
    "duration": 155.31727051734924,
    "p50-latency-1": 52671.36740684509,
    "throughput-1": 32.06989120141623,
    "p95-latency-1": 100729.4358253479,
    "p99-latency-1": 105017.65475273131,
    "p50-latency-0": 52563.69459629059,
    "throughput-0": 32.1242233049838,
    "p95-latency-0": 100617.40280389786,
    "p99-latency-0": 104874.58933353424
}