{
    "duration": 156.06131529808044,
    "p50-latency-0": 52939.579129219055,
    "throughput-0": 31.968420733865837,
    "p95-latency-0": 101366.8345451355,
    "p99-latency-0": 105632.51216173172,
    "p50-latency-1": 43185.421109199524,
    "throughput-1": 90.03529412728072,
    "p95-latency-1": 82420.23980617523,
    "p99-latency-1": 85874.96824979782
}