{
    "duration": 164.55092215538025,
    "p50-latency-0": 58543.89297962189,
    "throughput-0": 55.84357546260778,
    "p95-latency-0": 113390.34571647643,
    "p99-latency-0": 118405.28112649918,
    "p50-latency-1": 58545.612931251526,
    "throughput-1": 55.84297760288766,
    "p95-latency-1": 113392.81542301177,
    "p99-latency-1": 118403.98808479309
}