{
    "duration": 159.04941964149475,
    "p50-latency-1": 55464.90979194641,
    "throughput-1": 30.12904552355876,
    "p95-latency-1": 106121.89927101135,
    "p99-latency-1": 110524.55877304077,
    "p50-latency-0": 56688.52341175079,
    "throughput-0": 57.77864345250859,
    "p95-latency-0": 108284.62257385252,
    "p99-latency-0": 112975.39324998856
}