{
    "duration": 165.79809045791626,
    "p50-latency-0": 57804.84688282013,
    "throughput-0": 30.091619614036887,
    "p95-latency-0": 110589.6145939827,
    "p99-latency-0": 115266.28254652023,
    "p50-latency-1": 59033.20860862732,
    "throughput-1": 57.73298156831857,
    "p95-latency-1": 113032.95841217041,
    "p99-latency-1": 117735.7760334015
}