{"p50_latency": 24429.491758346558, "p95_latency": 46726.28279924391, "p99_latency": 48563.88055086135, "throughput": 17.69857362578703}