{"p50_latency": 7989.158987998962, "p95_latency": 15602.853643894194, "p99_latency": 16373.847184181212, "throughput": 149.48808639134737}