{"p50_latency": 19064.77451324463, "p95_latency": 36683.0193400383, "p99_latency": 38228.56065750122, "throughput": 56.71564645431921}