{"p50_latency": 22978.331804275513, "p95_latency": 44503.365337848656, "p99_latency": 46545.73770523071, "throughput": 99.94949313255037}