ResNet50 0
/home/cc/.local/lib/python3.10/site-packages/torch/cuda/__init__.py:63: FutureWarning: The pynvml package is deprecated. Please install nvidia-ml-py instead. If you did not install pynvml directly, please report this to the maintainers of the package that installed pynvml for you.
  import pynvml  # type: ignore[import]
[{'arch': 'resnet50', 'kernel_file': '/home/cc/orion/benchmarking/model_kernels/rtx6000/resnet50_8_fwd', 'num_kernels': 174, 'num_iters': 9200, 'args': {'model_name': 'resnet50', 'batchsize': 8, 'rps': 200, 'uniform': False, 'dummy_data': True, 'train': False}}]
1
2.9.1+cu128
[339335]
REEF IS False, SEQUENTIAL IS False
[False]
['resnet50'] [b'/home/cc/orion/benchmarking/model_kernels/rtx6000/resnet50_8_fwd'] [339335]
resnet50 8 0 [<threading.Barrier object at 0x7f7e445336a0>] 0
SIZE is 9200
Num clients is 1
before starting, profile is True
SCHED DEBUG: Starting first barrier wait (warmup setup)
SCHED DEBUG: Passed first barrier, calling schedule for warmup setup
-------------- thread id:   339335
Setting stream to  140179679501968
Enter loop!
Start epoch:  0
SCHED DEBUG: First schedule done, synchronize complete
SCHED DEBUG: wait here (waiting for barrier after warmup setup)
SCHED DEBUG: done! (passed barrier after warmup setup)
SCHED DEBUG: Starting warmup with 10 iterations
SCHED DEBUG: Warmup schedule done, waiting at barrier
Warmup done, starting eval
call schedule
Client 0 at barrier!
SCHED DEBUG: Main schedule call returned, waiting at barrier
Total time is 90.82571268081665
Client 0 finished! p50: 22.35819447040558 sec, p95: 43.4496041059494 sec, p99: 45.43411547660828 sec
Finished! Ready to join!
train joined!
sched joined!
--------- all threads joined!
KERNEL_INFO_FILE IS /home/cc/orion/benchmarking/model_kernels/rtx6000/resnet50_8_fwd
----------- SIZE: 922
size is 0
Stream for client 0 is 536895120
At get streams, idx is 0, is_sequential is 0
EXIT LOOP!
EXIT LOOP!
Client 0, Total loop took 90.821999 sec
EXIT LOOP!
Total loop took 90.821999 sec
MobileNetV2 0
/home/cc/.local/lib/python3.10/site-packages/torch/cuda/__init__.py:63: FutureWarning: The pynvml package is deprecated. Please install nvidia-ml-py instead. If you did not install pynvml directly, please report this to the maintainers of the package that installed pynvml for you.
  import pynvml  # type: ignore[import]
[{'arch': 'mobilenet_v2', 'kernel_file': '/home/cc/orion/benchmarking/model_kernels/rtx6000/mobilenet_16_fwd', 'num_kernels': 151, 'num_iters': 9200, 'args': {'model_name': 'mobilenet_v2', 'batchsize': 16, 'rps': 200, 'uniform': False, 'dummy_data': True, 'train': False}}]
1
2.9.1+cu128
[339403]
REEF IS False, SEQUENTIAL IS False
[False]
['mobilenet_v2'] [b'/home/cc/orion/benchmarking/model_kernels/rtx6000/mobilenet_16_fwd'] [339403]
mobilenet_v2 16 0 [<threading.Barrier object at 0x7fd494b33670>] 0
SIZE is 9200
Num clients is 1
before starting, profile is True
SCHED DEBUG: Starting first barrier wait (warmup setup)
SCHED DEBUG: Passed first barrier, calling schedule for warmup setup
-------------- thread id:   339403
Setting stream to  140550388866704
Enter loop!
Start epoch:  0
SCHED DEBUG: First schedule done, synchronize complete
SCHED DEBUG: wait here (waiting for barrier after warmup setup)
SCHED DEBUG: done! (passed barrier after warmup setup)
SCHED DEBUG: Starting warmup with 10 iterations
SCHED DEBUG: Warmup schedule done, waiting at barrier
Warmup done, starting eval
call schedule
Client 0 at barrier!
SCHED DEBUG: Main schedule call returned, waiting at barrier
Total time is 61.24315047264099
Client 0 finished! p50: 7.858678340911865 sec, p95: 15.394974875450133 sec, p99: 16.14140229463577 sec
Finished! Ready to join!
train joined!
sched joined!
--------- all threads joined!
KERNEL_INFO_FILE IS /home/cc/orion/benchmarking/model_kernels/rtx6000/mobilenet_16_fwd
----------- SIZE: 607
size is 0
Stream for client 0 is 1879072400
At get streams, idx is 0, is_sequential is 0
EXIT LOOP!
EXIT LOOP!
Client 0, Total loop took 61.240002 sec
EXIT LOOP!
Total loop took 61.240002 sec
ResNet101 0
/home/cc/.local/lib/python3.10/site-packages/torch/cuda/__init__.py:63: FutureWarning: The pynvml package is deprecated. Please install nvidia-ml-py instead. If you did not install pynvml directly, please report this to the maintainers of the package that installed pynvml for you.
  import pynvml  # type: ignore[import]
[{'arch': 'resnet101', 'kernel_file': '/home/cc/orion/benchmarking/model_kernels/rtx6000/resnet101_8_fwd', 'num_kernels': 344, 'num_iters': 5000, 'args': {'model_name': 'resnet101', 'batchsize': 8, 'rps': 100, 'uniform': False, 'dummy_data': True, 'train': False}}]
1
2.9.1+cu128
[339470]
REEF IS False, SEQUENTIAL IS False
[False]
['resnet101'] [b'/home/cc/orion/benchmarking/model_kernels/rtx6000/resnet101_8_fwd'] [339470]
resnet101 8 0 [<threading.Barrier object at 0x7fb3cc6336d0>] 0
SIZE is 5000
Num clients is 1
before starting, profile is True
SCHED DEBUG: Starting first barrier wait (warmup setup)
SCHED DEBUG: Passed first barrier, calling schedule for warmup setup
-------------- thread id:   339470
Setting stream to  140409594475040
Enter loop!
Start epoch:  0
SCHED DEBUG: First schedule done, synchronize complete
SCHED DEBUG: wait here (waiting for barrier after warmup setup)
SCHED DEBUG: done! (passed barrier after warmup setup)
SCHED DEBUG: Starting warmup with 10 iterations
SCHED DEBUG: Warmup schedule done, waiting at barrier
Warmup done, starting eval
call schedule
Client 0 at barrier!
SCHED DEBUG: Main schedule call returned, waiting at barrier
Total time is 85.79404950141907
Client 0 finished! p50: 17.950886845588684 sec, p95: 34.605548846721646 sec, p99: 36.067379486560824 sec
Finished! Ready to join!
train joined!
sched joined!
--------- all threads joined!
KERNEL_INFO_FILE IS /home/cc/orion/benchmarking/model_kernels/rtx6000/resnet101_8_fwd
----------- SIZE: 1114
size is 0
Stream for client 0 is -1476365792
At get streams, idx is 0, is_sequential is 0
EXIT LOOP!
EXIT LOOP!
Client 0, Total loop took 85.791000 sec
EXIT LOOP!
Total loop took 85.792000 sec
BERT 0
/home/cc/.local/lib/python3.10/site-packages/torch/cuda/__init__.py:63: FutureWarning: The pynvml package is deprecated. Please install nvidia-ml-py instead. If you did not install pynvml directly, please report this to the maintainers of the package that installed pynvml for you.
  import pynvml  # type: ignore[import]
[{'arch': 'bert', 'kernel_file': '/home/cc/orion/benchmarking/model_kernels/rtx6000/bert_2_fwd', 'num_kernels': 429, 'num_iters': 3000, 'args': {'batchsize': 2, 'rps': 25, 'uniform': False, 'dummy_data': True, 'train': False}}]
1
2.9.1+cu128
[339556]
REEF IS False, SEQUENTIAL IS False
[False]
['bert'] [b'/home/cc/orion/benchmarking/model_kernels/rtx6000/bert_2_fwd'] [339556]
Num clients is 1
before starting, profile is True
SCHED DEBUG: Starting first barrier wait (warmup setup)
SCHED DEBUG: Passed first barrier, calling schedule for warmup setup
Setting stream to  139933054456112
-------------- thread id:   339556
Start epoch:  0
Client 0, submit!, batch_idx is 0
Client 0 finished! Wait! It took 0.18034648895263672
SCHED DEBUG: First schedule done, synchronize complete
SCHED DEBUG: wait here (waiting for barrier after warmup setup)
SCHED DEBUG: done! (passed barrier after warmup setup)
SCHED DEBUG: Starting warmup with 10 iterations
Client 0, submit!, batch_idx is 1
Client 0 finished! Wait! It took 0.05987405776977539
Client 0, submit!, batch_idx is 2
Client 0 finished! Wait! It took 0.05724835395812988
Client 0, submit!, batch_idx is 3
Client 0 finished! Wait! It took 0.05495142936706543
Client 0, submit!, batch_idx is 4
Client 0 finished! Wait! It took 0.054798126220703125
Client 0, submit!, batch_idx is 5
Client 0 finished! Wait! It took 0.05510997772216797
Client 0, submit!, batch_idx is 6
Client 0 finished! Wait! It took 0.05629301071166992
Client 0, submit!, batch_idx is 7
Client 0 finished! Wait! It took 0.05512094497680664
Client 0, submit!, batch_idx is 8
Client 0 finished! Wait! It took 0.05658984184265137
Client 0, submit!, batch_idx is 9
Client 0 finished! Wait! It took 0.05604147911071777
SCHED DEBUG: Warmup schedule done, waiting at barrier
Warmup done, starting eval
call schedule
Client 0, submit!, batch_idx is 10
Client 0 finished! Wait! It took 0.05465340614318848
Client 0, submit!, batch_idx is 11
Client 0 finished! Wait! It took 0.10889458656311035
Client 0, submit!, batch_idx is 12
Client 0 finished! Wait! It took 0.05453300476074219
Client 0, submit!, batch_idx is 13
Client 0 finished! Wait! It took 0.05489540100097656
Client 0, submit!, batch_idx is 14
Client 0 finished! Wait! It took 0.10242652893066406
Client 0, submit!, batch_idx is 15
Client 0 finished! Wait! It took 0.1503434181213379
Client 0, submit!, batch_idx is 16
Client 0 finished! Wait! It took 0.19702959060668945
Client 0, submit!, batch_idx is 17
Client 0 finished! Wait! It took 0.23758578300476074
Client 0, submit!, batch_idx is 18
Client 0 finished! Wait! It took 0.262664794921875
Client 0, submit!, batch_idx is 19
Client 0 finished! Wait! It took 0.2951803207397461
Client 0, submit!, batch_idx is 20
Client 0 finished! Wait! It took 0.3380777835845947
Client 0, submit!, batch_idx is 21
Client 0 finished! Wait! It took 0.3566467761993408
Client 0, submit!, batch_idx is 22
Client 0 finished! Wait! It took 0.40697765350341797
Client 0, submit!, batch_idx is 23
Client 0 finished! Wait! It took 0.44803452491760254
Client 0, submit!, batch_idx is 24
Client 0 finished! Wait! It took 0.4846336841583252
Client 0, submit!, batch_idx is 25
Client 0 finished! Wait! It took 0.515404224395752
Client 0, submit!, batch_idx is 26
Client 0 finished! Wait! It took 0.508685827255249
Client 0, submit!, batch_idx is 27
Client 0 finished! Wait! It took 0.5546882152557373
Client 0, submit!, batch_idx is 28
Client 0 finished! Wait! It took 0.5809011459350586
Client 0, submit!, batch_idx is 29
Client 0 finished! Wait! It took 0.60013747215271
Client 0, submit!, batch_idx is 30
Client 0 finished! Wait! It took 0.6533021926879883
Client 0, submit!, batch_idx is 31
Client 0 finished! Wait! It took 0.6709661483764648
Client 0, submit!, batch_idx is 32
Client 0 finished! Wait! It took 0.7187137603759766
Client 0, submit!, batch_idx is 33
Client 0 finished! Wait! It took 0.771111249923706
Client 0, submit!, batch_idx is 34
Client 0 finished! Wait! It took 0.7072629928588867
Client 0, submit!, batch_idx is 35
Client 0 finished! Wait! It took 0.6276729106903076
Client 0, submit!, batch_idx is 36
Client 0 finished! Wait! It took 0.6166484355926514
Client 0, submit!, batch_idx is 37
Client 0 finished! Wait! It took 0.6569833755493164
Client 0, submit!, batch_idx is 38
Client 0 finished! Wait! It took 0.7077465057373047
Client 0, submit!, batch_idx is 39
Client 0 finished! Wait! It took 0.7169802188873291
Client 0, submit!, batch_idx is 40
Client 0 finished! Wait! It took 0.7498116493225098
Client 0, submit!, batch_idx is 41
Client 0 finished! Wait! It took 0.7996642589569092
Client 0, submit!, batch_idx is 42
Client 0 finished! Wait! It took 0.8274040222167969
Client 0, submit!, batch_idx is 43
Client 0 finished! Wait! It took 0.8810529708862305
Client 0, submit!, batch_idx is 44
Client 0 finished! Wait! It took 0.8401081562042236
Client 0, submit!, batch_idx is 45
Client 0 finished! Wait! It took 0.8830311298370361
Client 0, submit!, batch_idx is 46
Client 0 finished! Wait! It took 0.8944504261016846
Client 0, submit!, batch_idx is 47
Client 0 finished! Wait! It took 0.9345581531524658
Client 0, submit!, batch_idx is 48
Client 0 finished! Wait! It took 0.9604148864746094
Client 0, submit!, batch_idx is 49
Client 0 finished! Wait! It took 0.9836554527282715
Client 0, submit!, batch_idx is 50
Client 0 finished! Wait! It took 1.0305876731872559
Client 0, submit!, batch_idx is 51
Client 0 finished! Wait! It took 0.9461779594421387
Client 0, submit!, batch_idx is 52
Client 0 finished! Wait! It took 0.9415328502655029
Client 0, submit!, batch_idx is 53
Client 0 finished! Wait! It took 0.884432315826416
Client 0, submit!, batch_idx is 54
Client 0 finished! Wait! It took 0.8494198322296143
Client 0, submit!, batch_idx is 55
Client 0 finished! Wait! It took 0.8680493831634521
Client 0, submit!, batch_idx is 56
Client 0 finished! Wait! It took 0.8209009170532227
Client 0, submit!, batch_idx is 57
Client 0 finished! Wait! It took 0.8720333576202393
Client 0, submit!, batch_idx is 58
Client 0 finished! Wait! It took 0.918363094329834
Client 0, submit!, batch_idx is 59
Client 0 finished! Wait! It took 0.9713714122772217
Client 0, submit!, batch_idx is 60
Client 0 finished! Wait! It took 1.0105023384094238
Client 0, submit!, batch_idx is 61
Client 0 finished! Wait! It took 1.0458567142486572
Client 0, submit!, batch_idx is 62
Client 0 finished! Wait! It took 1.0880200862884521
Client 0, submit!, batch_idx is 63
Client 0 finished! Wait! It took 1.0724949836730957
Client 0, submit!, batch_idx is 64
Client 0 finished! Wait! It took 1.1101431846618652
Client 0, submit!, batch_idx is 65
Client 0 finished! Wait! It took 1.153033971786499
Client 0, submit!, batch_idx is 66
Client 0 finished! Wait! It took 1.1768128871917725
Client 0, submit!, batch_idx is 67
Client 0 finished! Wait! It took 1.2255878448486328
Client 0, submit!, batch_idx is 68
Client 0 finished! Wait! It took 1.2155940532684326
Client 0, submit!, batch_idx is 69
Client 0 finished! Wait! It took 1.2678277492523193
Client 0, submit!, batch_idx is 70
Client 0 finished! Wait! It took 1.1492984294891357
Client 0, submit!, batch_idx is 71
Client 0 finished! Wait! It took 1.1450564861297607
Client 0, submit!, batch_idx is 72
Client 0 finished! Wait! It took 1.1914951801300049
Client 0, submit!, batch_idx is 73
Client 0 finished! Wait! It took 1.2460989952087402
Client 0, submit!, batch_idx is 74
Client 0 finished! Wait! It took 1.233588457107544
Client 0, submit!, batch_idx is 75
Client 0 finished! Wait! It took 1.2405269145965576
Client 0, submit!, batch_idx is 76
Client 0 finished! Wait! It took 1.2435107231140137
Client 0, submit!, batch_idx is 77
Client 0 finished! Wait! It took 1.2395658493041992
Client 0, submit!, batch_idx is 78
Client 0 finished! Wait! It took 1.2915425300598145
Client 0, submit!, batch_idx is 79
Client 0 finished! Wait! It took 1.3288381099700928
Client 0, submit!, batch_idx is 80
Client 0 finished! Wait! It took 1.3790333271026611
Client 0, submit!, batch_idx is 81
Client 0 finished! Wait! It took 1.3549449443817139
Client 0, submit!, batch_idx is 82
Client 0 finished! Wait! It took 1.372307538986206
Client 0, submit!, batch_idx is 83
Client 0 finished! Wait! It took 1.4130947589874268
Client 0, submit!, batch_idx is 84
Client 0 finished! Wait! It took 1.4666399955749512
Client 0, submit!, batch_idx is 85
Client 0 finished! Wait! It took 1.5072836875915527
Client 0, submit!, batch_idx is 86
Client 0 finished! Wait! It took 1.5467720031738281
Client 0, submit!, batch_idx is 87
Client 0 finished! Wait! It took 1.5496320724487305
Client 0, submit!, batch_idx is 88
Client 0 finished! Wait! It took 1.5640904903411865
Client 0, submit!, batch_idx is 89
Client 0 finished! Wait! It took 1.5318660736083984
Client 0, submit!, batch_idx is 90
Client 0 finished! Wait! It took 1.561384916305542
Client 0, submit!, batch_idx is 91
Client 0 finished! Wait! It took 1.6123087406158447
Client 0, submit!, batch_idx is 92
Client 0 finished! Wait! It took 1.617541790008545
Client 0, submit!, batch_idx is 93
Client 0 finished! Wait! It took 1.6153819561004639
Client 0, submit!, batch_idx is 94
Client 0 finished! Wait! It took 1.6372532844543457
Client 0, submit!, batch_idx is 95
Client 0 finished! Wait! It took 1.6334304809570312
Client 0, submit!, batch_idx is 96
Client 0 finished! Wait! It took 1.661268711090088
Client 0, submit!, batch_idx is 97
Client 0 finished! Wait! It took 1.6868464946746826
Client 0, submit!, batch_idx is 98
Client 0 finished! Wait! It took 1.7197184562683105
Client 0, submit!, batch_idx is 99
Client 0 finished! Wait! It took 1.7737226486206055
Client 0, submit!, batch_idx is 100
Client 0 finished! Wait! It took 1.8242342472076416
Client 0, submit!, batch_idx is 101
Client 0 finished! Wait! It took 1.8780105113983154
Client 0, submit!, batch_idx is 102
Client 0 finished! Wait! It took 1.8925912380218506
Client 0, submit!, batch_idx is 103
Client 0 finished! Wait! It took 1.9328408241271973
Client 0, submit!, batch_idx is 104
Client 0 finished! Wait! It took 1.9594790935516357
Client 0, submit!, batch_idx is 105
Client 0 finished! Wait! It took 1.9194223880767822
Client 0, submit!, batch_idx is 106
Client 0 finished! Wait! It took 1.9628660678863525
Client 0, submit!, batch_idx is 107
Client 0 finished! Wait! It took 1.9967560768127441
Client 0, submit!, batch_idx is 108
Client 0 finished! Wait! It took 1.995483160018921
Client 0, submit!, batch_idx is 109
Client 0 finished! Wait! It took 2.039987087249756
Client 0, submit!, batch_idx is 110
Client 0 finished! Wait! It took 2.0930700302124023
Client 0, submit!, batch_idx is 111
Client 0 finished! Wait! It took 2.1354246139526367
Client 0, submit!, batch_idx is 112
Client 0 finished! Wait! It took 2.183476209640503
Client 0, submit!, batch_idx is 113
Client 0 finished! Wait! It took 2.1325032711029053
Client 0, submit!, batch_idx is 114
Client 0 finished! Wait! It took 2.121666193008423
Client 0, submit!, batch_idx is 115
Client 0 finished! Wait! It took 2.1365973949432373
Client 0, submit!, batch_idx is 116
Client 0 finished! Wait! It took 2.1096043586730957
Client 0, submit!, batch_idx is 117
Client 0 finished! Wait! It took 2.099971294403076
Client 0, submit!, batch_idx is 118
Client 0 finished! Wait! It took 2.1482527256011963
Client 0, submit!, batch_idx is 119
Client 0 finished! Wait! It took 2.1152703762054443
Client 0, submit!, batch_idx is 120
Client 0 finished! Wait! It took 2.139305591583252
Client 0, submit!, batch_idx is 121
Client 0 finished! Wait! It took 2.128622531890869
Client 0, submit!, batch_idx is 122
Client 0 finished! Wait! It took 2.0932421684265137
Client 0, submit!, batch_idx is 123
Client 0 finished! Wait! It took 2.132969617843628
Client 0, submit!, batch_idx is 124
Client 0 finished! Wait! It took 2.1839544773101807
Client 0, submit!, batch_idx is 125
Client 0 finished! Wait! It took 2.229888677597046
Client 0, submit!, batch_idx is 126
Client 0 finished! Wait! It took 2.2642173767089844
Client 0, submit!, batch_idx is 127
Client 0 finished! Wait! It took 2.252330780029297
Client 0, submit!, batch_idx is 128
Client 0 finished! Wait! It took 2.229741096496582
Client 0, submit!, batch_idx is 129
Client 0 finished! Wait! It took 2.284980535507202
Client 0, submit!, batch_idx is 130
Client 0 finished! Wait! It took 2.312385320663452
Client 0, submit!, batch_idx is 131
Client 0 finished! Wait! It took 2.345888614654541
Client 0, submit!, batch_idx is 132
Client 0 finished! Wait! It took 2.3917877674102783
Client 0, submit!, batch_idx is 133
Client 0 finished! Wait! It took 2.441702365875244
Client 0, submit!, batch_idx is 134
Client 0 finished! Wait! It took 2.4803855419158936
Client 0, submit!, batch_idx is 135
Client 0 finished! Wait! It took 2.4210407733917236
Client 0, submit!, batch_idx is 136
Client 0 finished! Wait! It took 2.460724353790283
Client 0, submit!, batch_idx is 137
Client 0 finished! Wait! It took 2.487650156021118
Client 0, submit!, batch_idx is 138
Client 0 finished! Wait! It took 2.4941933155059814
Client 0, submit!, batch_idx is 139
Client 0 finished! Wait! It took 2.532682180404663
Client 0, submit!, batch_idx is 140
Client 0 finished! Wait! It took 2.4462952613830566
Client 0, submit!, batch_idx is 141
Client 0 finished! Wait! It took 2.370054006576538
Client 0, submit!, batch_idx is 142
Client 0 finished! Wait! It took 2.4136457443237305
Client 0, submit!, batch_idx is 143
Client 0 finished! Wait! It took 2.4413082599639893
Client 0, submit!, batch_idx is 144
Client 0 finished! Wait! It took 2.4820592403411865
Client 0, submit!, batch_idx is 145
Client 0 finished! Wait! It took 2.5234487056732178
Client 0, submit!, batch_idx is 146
Client 0 finished! Wait! It took 2.577082872390747
Client 0, submit!, batch_idx is 147
Client 0 finished! Wait! It took 2.594482898712158
Client 0, submit!, batch_idx is 148
Client 0 finished! Wait! It took 2.6216554641723633
Client 0, submit!, batch_idx is 149
Client 0 finished! Wait! It took 2.6746623516082764
Client 0, submit!, batch_idx is 150
Client 0 finished! Wait! It took 2.7178752422332764
Client 0, submit!, batch_idx is 151
Client 0 finished! Wait! It took 2.6776938438415527
Client 0, submit!, batch_idx is 152
Client 0 finished! Wait! It took 2.721759796142578
Client 0, submit!, batch_idx is 153
Client 0 finished! Wait! It took 2.770540714263916
Client 0, submit!, batch_idx is 154
Client 0 finished! Wait! It took 2.7988390922546387
Client 0, submit!, batch_idx is 155
Client 0 finished! Wait! It took 2.684115171432495
Client 0, submit!, batch_idx is 156
Client 0 finished! Wait! It took 2.7282533645629883
Client 0, submit!, batch_idx is 157
Client 0 finished! Wait! It took 2.7388055324554443
Client 0, submit!, batch_idx is 158
Client 0 finished! Wait! It took 2.7365074157714844
Client 0, submit!, batch_idx is 159
Client 0 finished! Wait! It took 2.7808444499969482
Client 0, submit!, batch_idx is 160
Client 0 finished! Wait! It took 2.7838125228881836
Client 0, submit!, batch_idx is 161
Client 0 finished! Wait! It took 2.8205292224884033
Client 0, submit!, batch_idx is 162
Client 0 finished! Wait! It took 2.836029529571533
Client 0, submit!, batch_idx is 163
Client 0 finished! Wait! It took 2.8509206771850586
Client 0, submit!, batch_idx is 164
Client 0 finished! Wait! It took 2.875425100326538
Client 0, submit!, batch_idx is 165
Client 0 finished! Wait! It took 2.926823616027832
Client 0, submit!, batch_idx is 166
Client 0 finished! Wait! It took 2.909728765487671
Client 0, submit!, batch_idx is 167
Client 0 finished! Wait! It took 2.9491126537323
Client 0, submit!, batch_idx is 168
Client 0 finished! Wait! It took 2.996007204055786
Client 0, submit!, batch_idx is 169
Client 0 finished! Wait! It took 3.049408435821533
Client 0, submit!, batch_idx is 170
Client 0 finished! Wait! It took 3.0688869953155518
Client 0, submit!, batch_idx is 171
Client 0 finished! Wait! It took 3.0787298679351807
Client 0, submit!, batch_idx is 172
Client 0 finished! Wait! It took 3.133159875869751
Client 0, submit!, batch_idx is 173
Client 0 finished! Wait! It took 3.159688711166382
Client 0, submit!, batch_idx is 174
Client 0 finished! Wait! It took 3.20448637008667
Client 0, submit!, batch_idx is 175
Client 0 finished! Wait! It took 3.218092679977417
Client 0, submit!, batch_idx is 176
Client 0 finished! Wait! It took 3.2656161785125732
Client 0, submit!, batch_idx is 177
Client 0 finished! Wait! It took 3.273793935775757
Client 0, submit!, batch_idx is 178
Client 0 finished! Wait! It took 3.3094964027404785
Client 0, submit!, batch_idx is 179
Client 0 finished! Wait! It took 3.254270076751709
Client 0, submit!, batch_idx is 180
Client 0 finished! Wait! It took 3.3034136295318604
Client 0, submit!, batch_idx is 181
Client 0 finished! Wait! It took 3.3422343730926514
Client 0, submit!, batch_idx is 182
Client 0 finished! Wait! It took 3.3928635120391846
Client 0, submit!, batch_idx is 183
Client 0 finished! Wait! It took 3.344635486602783
Client 0, submit!, batch_idx is 184
Client 0 finished! Wait! It took 3.3159141540527344
Client 0, submit!, batch_idx is 185
Client 0 finished! Wait! It took 3.359243154525757
Client 0, submit!, batch_idx is 186
Client 0 finished! Wait! It took 3.3712871074676514
Client 0, submit!, batch_idx is 187
Client 0 finished! Wait! It took 3.358496904373169
Client 0, submit!, batch_idx is 188
Client 0 finished! Wait! It took 3.3811190128326416
Client 0, submit!, batch_idx is 189
Client 0 finished! Wait! It took 3.4061827659606934
Client 0, submit!, batch_idx is 190
Client 0 finished! Wait! It took 3.4501678943634033
Client 0, submit!, batch_idx is 191
Client 0 finished! Wait! It took 3.5017447471618652
Client 0, submit!, batch_idx is 192
Client 0 finished! Wait! It took 3.466855764389038
Client 0, submit!, batch_idx is 193
Client 0 finished! Wait! It took 3.42993426322937
Client 0, submit!, batch_idx is 194
Client 0 finished! Wait! It took 3.445983409881592
Client 0, submit!, batch_idx is 195
Client 0 finished! Wait! It took 3.484273672103882
Client 0, submit!, batch_idx is 196
Client 0 finished! Wait! It took 3.5223288536071777
Client 0, submit!, batch_idx is 197
Client 0 finished! Wait! It took 3.5264177322387695
Client 0, submit!, batch_idx is 198
Client 0 finished! Wait! It took 3.490485668182373
Client 0, submit!, batch_idx is 199
Client 0 finished! Wait! It took 3.458434820175171
Client 0, submit!, batch_idx is 200
Client 0 finished! Wait! It took 3.4533329010009766
Client 0, submit!, batch_idx is 201
Client 0 finished! Wait! It took 3.4685213565826416
Client 0, submit!, batch_idx is 202
Client 0 finished! Wait! It took 3.5201592445373535
Client 0, submit!, batch_idx is 203
Client 0 finished! Wait! It took 3.5683484077453613
Client 0, submit!, batch_idx is 204
Client 0 finished! Wait! It took 3.5321688652038574
Client 0, submit!, batch_idx is 205
Client 0 finished! Wait! It took 3.5499138832092285
Client 0, submit!, batch_idx is 206
Client 0 finished! Wait! It took 3.6047823429107666
Client 0, submit!, batch_idx is 207
Client 0 finished! Wait! It took 3.6559646129608154
Client 0, submit!, batch_idx is 208
Client 0 finished! Wait! It took 3.668574094772339
Client 0, submit!, batch_idx is 209
Client 0 finished! Wait! It took 3.723872184753418
Client 0, submit!, batch_idx is 210
Client 0 finished! Wait! It took 3.772066354751587
Client 0, submit!, batch_idx is 211
Client 0 finished! Wait! It took 3.7954394817352295
Client 0, submit!, batch_idx is 212
Client 0 finished! Wait! It took 3.803518056869507
Client 0, submit!, batch_idx is 213
Client 0 finished! Wait! It took 3.816514015197754
Client 0, submit!, batch_idx is 214
Client 0 finished! Wait! It took 3.8618648052215576
Client 0, submit!, batch_idx is 215
Client 0 finished! Wait! It took 3.868652582168579
Client 0, submit!, batch_idx is 216
Client 0 finished! Wait! It took 3.9141342639923096
Client 0, submit!, batch_idx is 217
Client 0 finished! Wait! It took 3.9534590244293213
Client 0, submit!, batch_idx is 218
Client 0 finished! Wait! It took 3.953744649887085
Client 0, submit!, batch_idx is 219
Client 0 finished! Wait! It took 3.9669861793518066
Client 0, submit!, batch_idx is 220
Client 0 finished! Wait! It took 3.946504592895508
Client 0, submit!, batch_idx is 221
Client 0 finished! Wait! It took 3.9588863849639893
Client 0, submit!, batch_idx is 222
Client 0 finished! Wait! It took 3.980539560317993
Client 0, submit!, batch_idx is 223
Client 0 finished! Wait! It took 4.031850576400757
Client 0, submit!, batch_idx is 224
Client 0 finished! Wait! It took 4.068942070007324
Client 0, submit!, batch_idx is 225
Client 0 finished! Wait! It took 4.111968040466309
Client 0, submit!, batch_idx is 226
Client 0 finished! Wait! It took 4.155970573425293
Client 0, submit!, batch_idx is 227
Client 0 finished! Wait! It took 4.066975355148315
Client 0, submit!, batch_idx is 228
Client 0 finished! Wait! It took 4.103316068649292
Client 0, submit!, batch_idx is 229
Client 0 finished! Wait! It took 4.0694897174835205
Client 0, submit!, batch_idx is 230
Client 0 finished! Wait! It took 4.085092306137085
Client 0, submit!, batch_idx is 231
Client 0 finished! Wait! It took 4.078278303146362
Client 0, submit!, batch_idx is 232
Client 0 finished! Wait! It took 4.10684871673584
Client 0, submit!, batch_idx is 233
Client 0 finished! Wait! It took 4.12897253036499
Client 0, submit!, batch_idx is 234
Client 0 finished! Wait! It took 4.156871795654297
Client 0, submit!, batch_idx is 235
Client 0 finished! Wait! It took 4.20339298248291
Client 0, submit!, batch_idx is 236
Client 0 finished! Wait! It took 4.207181692123413
Client 0, submit!, batch_idx is 237
Client 0 finished! Wait! It took 4.249246120452881
Client 0, submit!, batch_idx is 238
Client 0 finished! Wait! It took 4.303557634353638
Client 0, submit!, batch_idx is 239
Client 0 finished! Wait! It took 4.318424940109253
Client 0, submit!, batch_idx is 240
Client 0 finished! Wait! It took 4.365864038467407
Client 0, submit!, batch_idx is 241
Client 0 finished! Wait! It took 4.30812931060791
Client 0, submit!, batch_idx is 242
Client 0 finished! Wait! It took 4.240273475646973
Client 0, submit!, batch_idx is 243
Client 0 finished! Wait! It took 4.196911811828613
Client 0, submit!, batch_idx is 244
Client 0 finished! Wait! It took 4.233563423156738
Client 0, submit!, batch_idx is 245
Client 0 finished! Wait! It took 4.288191318511963
Client 0, submit!, batch_idx is 246
Client 0 finished! Wait! It took 4.237854242324829
Client 0, submit!, batch_idx is 247
Client 0 finished! Wait! It took 4.270730257034302
Client 0, submit!, batch_idx is 248
Client 0 finished! Wait! It took 4.18990421295166
Client 0, submit!, batch_idx is 249
Client 0 finished! Wait! It took 4.112431764602661
Client 0, submit!, batch_idx is 250
Client 0 finished! Wait! It took 4.0909223556518555
Client 0, submit!, batch_idx is 251
Client 0 finished! Wait! It took 4.132185697555542
Client 0, submit!, batch_idx is 252
Client 0 finished! Wait! It took 4.168067216873169
Client 0, submit!, batch_idx is 253
Client 0 finished! Wait! It took 4.1483495235443115
Client 0, submit!, batch_idx is 254
Client 0 finished! Wait! It took 4.189316987991333
Client 0, submit!, batch_idx is 255
Client 0 finished! Wait! It took 4.237184524536133
Client 0, submit!, batch_idx is 256
Client 0 finished! Wait! It took 4.2597267627716064
Client 0, submit!, batch_idx is 257
Client 0 finished! Wait! It took 4.204721212387085
Client 0, submit!, batch_idx is 258
Client 0 finished! Wait! It took 4.212282657623291
Client 0, submit!, batch_idx is 259
Client 0 finished! Wait! It took 4.233755588531494
Client 0, submit!, batch_idx is 260
Client 0 finished! Wait! It took 4.285285472869873
Client 0, submit!, batch_idx is 261
Client 0 finished! Wait! It took 4.303274631500244
Client 0, submit!, batch_idx is 262
Client 0 finished! Wait! It took 4.1740007400512695
Client 0, submit!, batch_idx is 263
Client 0 finished! Wait! It took 4.223147392272949
Client 0, submit!, batch_idx is 264
Client 0 finished! Wait! It took 4.249394178390503
Client 0, submit!, batch_idx is 265
Client 0 finished! Wait! It took 4.221697568893433
Client 0, submit!, batch_idx is 266
Client 0 finished! Wait! It took 4.22288179397583
Client 0, submit!, batch_idx is 267
Client 0 finished! Wait! It took 4.230314016342163
Client 0, submit!, batch_idx is 268
Client 0 finished! Wait! It took 4.236878156661987
Client 0, submit!, batch_idx is 269
Client 0 finished! Wait! It took 4.274288654327393
Client 0, submit!, batch_idx is 270
Client 0 finished! Wait! It took 4.315675973892212
Client 0, submit!, batch_idx is 271
Client 0 finished! Wait! It took 4.304630517959595
Client 0, submit!, batch_idx is 272
Client 0 finished! Wait! It took 4.294151782989502
Client 0, submit!, batch_idx is 273
Client 0 finished! Wait! It took 4.269601345062256
Client 0, submit!, batch_idx is 274
Client 0 finished! Wait! It took 4.2270143032073975
Client 0, submit!, batch_idx is 275
Client 0 finished! Wait! It took 4.253581285476685
Client 0, submit!, batch_idx is 276
Client 0 finished! Wait! It took 4.280937910079956
Client 0, submit!, batch_idx is 277
Client 0 finished! Wait! It took 4.272313594818115
Client 0, submit!, batch_idx is 278
Client 0 finished! Wait! It took 4.285531520843506
Client 0, submit!, batch_idx is 279
Client 0 finished! Wait! It took 4.2923033237457275
Client 0, submit!, batch_idx is 280
Client 0 finished! Wait! It took 4.28394627571106
Client 0, submit!, batch_idx is 281
Client 0 finished! Wait! It took 4.251100778579712
Client 0, submit!, batch_idx is 282
Client 0 finished! Wait! It took 4.291031122207642
Client 0, submit!, batch_idx is 283
Client 0 finished! Wait! It took 4.327397108078003
Client 0, submit!, batch_idx is 284
Client 0 finished! Wait! It took 4.378503084182739
Client 0, submit!, batch_idx is 285
Client 0 finished! Wait! It took 4.399195671081543
Client 0, submit!, batch_idx is 286
Client 0 finished! Wait! It took 4.4529643058776855
Client 0, submit!, batch_idx is 287
Client 0 finished! Wait! It took 4.483203887939453
Client 0, submit!, batch_idx is 288
Client 0 finished! Wait! It took 4.506949424743652
Client 0, submit!, batch_idx is 289
Client 0 finished! Wait! It took 4.548680305480957
Client 0, submit!, batch_idx is 290
Client 0 finished! Wait! It took 4.568929195404053
Client 0, submit!, batch_idx is 291
Client 0 finished! Wait! It took 4.622890472412109
Client 0, submit!, batch_idx is 292
Client 0 finished! Wait! It took 4.67642068862915
Client 0, submit!, batch_idx is 293
Client 0 finished! Wait! It took 4.662433385848999
Client 0, submit!, batch_idx is 294
Client 0 finished! Wait! It took 4.699780702590942
Client 0, submit!, batch_idx is 295
Client 0 finished! Wait! It took 4.74942684173584
Client 0, submit!, batch_idx is 296
Client 0 finished! Wait! It took 4.775066614151001
Client 0, submit!, batch_idx is 297
Client 0 finished! Wait! It took 4.771496057510376
Client 0, submit!, batch_idx is 298
Client 0 finished! Wait! It took 4.816836595535278
Client 0, submit!, batch_idx is 299
Client 0 finished! Wait! It took 4.83302640914917
Client 0, submit!, batch_idx is 300
Client 0 finished! Wait! It took 4.884665012359619
Client 0, submit!, batch_idx is 301
Client 0 finished! Wait! It took 4.937726259231567
Client 0, submit!, batch_idx is 302
Client 0 finished! Wait! It took 4.962625980377197
Client 0, submit!, batch_idx is 303
Client 0 finished! Wait! It took 4.986846208572388
Client 0, submit!, batch_idx is 304
Client 0 finished! Wait! It took 5.001466751098633
Client 0, submit!, batch_idx is 305
Client 0 finished! Wait! It took 5.005158185958862
Client 0, submit!, batch_idx is 306
Client 0 finished! Wait! It took 4.9130542278289795
Client 0, submit!, batch_idx is 307
Client 0 finished! Wait! It took 4.940654516220093
Client 0, submit!, batch_idx is 308
Client 0 finished! Wait! It took 4.981578350067139
Client 0, submit!, batch_idx is 309
Client 0 finished! Wait! It took 4.974770784378052
Client 0, submit!, batch_idx is 310
Client 0 finished! Wait! It took 5.018411874771118
Client 0, submit!, batch_idx is 311
Client 0 finished! Wait! It took 5.050634145736694
Client 0, submit!, batch_idx is 312
Client 0 finished! Wait! It took 5.102578163146973
Client 0, submit!, batch_idx is 313
Client 0 finished! Wait! It took 5.156789064407349
Client 0, submit!, batch_idx is 314
Client 0 finished! Wait! It took 5.08054518699646
Client 0, submit!, batch_idx is 315
Client 0 finished! Wait! It took 5.063453435897827
Client 0, submit!, batch_idx is 316
Client 0 finished! Wait! It took 5.07088828086853
Client 0, submit!, batch_idx is 317
Client 0 finished! Wait! It took 5.1050498485565186
Client 0, submit!, batch_idx is 318
Client 0 finished! Wait! It took 5.1526618003845215
Client 0, submit!, batch_idx is 319
Client 0 finished! Wait! It took 5.201017618179321
Client 0, submit!, batch_idx is 320
Client 0 finished! Wait! It took 5.244892597198486
Client 0, submit!, batch_idx is 321
Client 0 finished! Wait! It took 5.2682318687438965
Client 0, submit!, batch_idx is 322
Client 0 finished! Wait! It took 5.273446321487427
Client 0, submit!, batch_idx is 323
Client 0 finished! Wait! It took 5.285322189331055
Client 0, submit!, batch_idx is 324
Client 0 finished! Wait! It took 5.32739520072937
Client 0, submit!, batch_idx is 325
Client 0 finished! Wait! It took 5.258651494979858
Client 0, submit!, batch_idx is 326
Client 0 finished! Wait! It took 5.2605674266815186
Client 0, submit!, batch_idx is 327
Client 0 finished! Wait! It took 5.284868240356445
Client 0, submit!, batch_idx is 328
Client 0 finished! Wait! It took 5.303531169891357
Client 0, submit!, batch_idx is 329
Client 0 finished! Wait! It took 5.337454557418823
Client 0, submit!, batch_idx is 330
Client 0 finished! Wait! It took 5.382843971252441
Client 0, submit!, batch_idx is 331
Client 0 finished! Wait! It took 5.421514987945557
Client 0, submit!, batch_idx is 332
Client 0 finished! Wait! It took 5.420047283172607
Client 0, submit!, batch_idx is 333
Client 0 finished! Wait! It took 5.475003004074097
Client 0, submit!, batch_idx is 334
Client 0 finished! Wait! It took 5.526369333267212
Client 0, submit!, batch_idx is 335
Client 0 finished! Wait! It took 5.579853773117065
Client 0, submit!, batch_idx is 336
Client 0 finished! Wait! It took 5.633411884307861
Client 0, submit!, batch_idx is 337
Client 0 finished! Wait! It took 5.611307859420776
Client 0, submit!, batch_idx is 338
Client 0 finished! Wait! It took 5.617958307266235
Client 0, submit!, batch_idx is 339
Client 0 finished! Wait! It took 5.647485017776489
Client 0, submit!, batch_idx is 340
Client 0 finished! Wait! It took 5.698531627655029
Client 0, submit!, batch_idx is 341
Client 0 finished! Wait! It took 5.726743459701538
Client 0, submit!, batch_idx is 342
Client 0 finished! Wait! It took 5.756317615509033
Client 0, submit!, batch_idx is 343
Client 0 finished! Wait! It took 5.803851127624512
Client 0, submit!, batch_idx is 344
Client 0 finished! Wait! It took 5.836359024047852
Client 0, submit!, batch_idx is 345
Client 0 finished! Wait! It took 5.871245384216309
Client 0, submit!, batch_idx is 346
Client 0 finished! Wait! It took 5.888152837753296
Client 0, submit!, batch_idx is 347
Client 0 finished! Wait! It took 5.903073787689209
Client 0, submit!, batch_idx is 348
Client 0 finished! Wait! It took 5.956481218338013
Client 0, submit!, batch_idx is 349
Client 0 finished! Wait! It took 5.992983341217041
Client 0, submit!, batch_idx is 350
Client 0 finished! Wait! It took 6.008909225463867
Client 0, submit!, batch_idx is 351
Client 0 finished! Wait! It took 6.037099599838257
Client 0, submit!, batch_idx is 352
Client 0 finished! Wait! It took 6.014846324920654
Client 0, submit!, batch_idx is 353
Client 0 finished! Wait! It took 6.027122259140015
Client 0, submit!, batch_idx is 354
Client 0 finished! Wait! It took 6.07535195350647
Client 0, submit!, batch_idx is 355
Client 0 finished! Wait! It took 6.127521276473999
Client 0, submit!, batch_idx is 356
Client 0 finished! Wait! It took 6.1416215896606445
Client 0, submit!, batch_idx is 357
Client 0 finished! Wait! It took 6.1957643032073975
Client 0, submit!, batch_idx is 358
Client 0 finished! Wait! It took 6.2157087326049805
Client 0, submit!, batch_idx is 359
Client 0 finished! Wait! It took 6.158081531524658
Client 0, submit!, batch_idx is 360
Client 0 finished! Wait! It took 6.1789937019348145
Client 0, submit!, batch_idx is 361
Client 0 finished! Wait! It took 6.214571237564087
Client 0, submit!, batch_idx is 362
Client 0 finished! Wait! It took 6.228492259979248
Client 0, submit!, batch_idx is 363
Client 0 finished! Wait! It took 6.25918984413147
Client 0, submit!, batch_idx is 364
Client 0 finished! Wait! It took 6.282797574996948
Client 0, submit!, batch_idx is 365
Client 0 finished! Wait! It took 6.224460601806641
Client 0, submit!, batch_idx is 366
Client 0 finished! Wait! It took 6.260144948959351
Client 0, submit!, batch_idx is 367
Client 0 finished! Wait! It took 6.185230255126953
Client 0, submit!, batch_idx is 368
Client 0 finished! Wait! It took 6.146135568618774
Client 0, submit!, batch_idx is 369
Client 0 finished! Wait! It took 6.192639589309692
Client 0, submit!, batch_idx is 370
Client 0 finished! Wait! It took 6.244852781295776
Client 0, submit!, batch_idx is 371
Client 0 finished! Wait! It took 6.295816659927368
Client 0, submit!, batch_idx is 372
Client 0 finished! Wait! It took 6.350325584411621
Client 0, submit!, batch_idx is 373
Client 0 finished! Wait! It took 6.401418924331665
Client 0, submit!, batch_idx is 374
Client 0 finished! Wait! It took 6.41065788269043
Client 0, submit!, batch_idx is 375
Client 0 finished! Wait! It took 6.462982654571533
Client 0, submit!, batch_idx is 376
Client 0 finished! Wait! It took 6.502911329269409
Client 0, submit!, batch_idx is 377
Client 0 finished! Wait! It took 6.483543395996094
Client 0, submit!, batch_idx is 378
Client 0 finished! Wait! It took 6.5377113819122314
Client 0, submit!, batch_idx is 379
Client 0 finished! Wait! It took 6.525736093521118
Client 0, submit!, batch_idx is 380
Client 0 finished! Wait! It took 6.567937612533569
Client 0, submit!, batch_idx is 381
Client 0 finished! Wait! It took 6.619485855102539
Client 0, submit!, batch_idx is 382
Client 0 finished! Wait! It took 6.6280903816223145
Client 0, submit!, batch_idx is 383
Client 0 finished! Wait! It took 6.643640041351318
Client 0, submit!, batch_idx is 384
Client 0 finished! Wait! It took 6.614872217178345
Client 0, submit!, batch_idx is 385
Client 0 finished! Wait! It took 6.61693263053894
Client 0, submit!, batch_idx is 386
Client 0 finished! Wait! It took 6.60706090927124
Client 0, submit!, batch_idx is 387
Client 0 finished! Wait! It took 6.649014949798584
Client 0, submit!, batch_idx is 388
Client 0 finished! Wait! It took 6.6964170932769775
Client 0, submit!, batch_idx is 389
Client 0 finished! Wait! It took 6.696057558059692
Client 0, submit!, batch_idx is 390
Client 0 finished! Wait! It took 6.685556888580322
Client 0, submit!, batch_idx is 391
Client 0 finished! Wait! It took 6.554455518722534
Client 0, submit!, batch_idx is 392
Client 0 finished! Wait! It took 6.588322877883911
Client 0, submit!, batch_idx is 393
Client 0 finished! Wait! It took 6.624936580657959
Client 0, submit!, batch_idx is 394
Client 0 finished! Wait! It took 6.620281934738159
Client 0, submit!, batch_idx is 395
Client 0 finished! Wait! It took 6.659034013748169
Client 0, submit!, batch_idx is 396
Client 0 finished! Wait! It took 6.607487916946411
Client 0, submit!, batch_idx is 397
Client 0 finished! Wait! It took 6.584636211395264
Client 0, submit!, batch_idx is 398
Client 0 finished! Wait! It took 6.618095636367798
Client 0, submit!, batch_idx is 399
Client 0 finished! Wait! It took 6.6177284717559814
Client 0, submit!, batch_idx is 400
Client 0 finished! Wait! It took 6.616862058639526
Client 0, submit!, batch_idx is 401
Client 0 finished! Wait! It took 6.667705297470093
Client 0, submit!, batch_idx is 402
Client 0 finished! Wait! It took 6.629835367202759
Client 0, submit!, batch_idx is 403
Client 0 finished! Wait! It took 6.657110929489136
Client 0, submit!, batch_idx is 404
Client 0 finished! Wait! It took 6.642577409744263
Client 0, submit!, batch_idx is 405
Client 0 finished! Wait! It took 6.683955907821655
Client 0, submit!, batch_idx is 406
Client 0 finished! Wait! It took 6.649829626083374
Client 0, submit!, batch_idx is 407
Client 0 finished! Wait! It took 6.685324430465698
Client 0, submit!, batch_idx is 408
Client 0 finished! Wait! It took 6.740320444107056
Client 0, submit!, batch_idx is 409
Client 0 finished! Wait! It took 6.701199293136597
Client 0, submit!, batch_idx is 410
Client 0 finished! Wait! It took 6.75289511680603
Client 0, submit!, batch_idx is 411
Client 0 finished! Wait! It took 6.793853282928467
Client 0, submit!, batch_idx is 412
Client 0 finished! Wait! It took 6.7292234897613525
Client 0, submit!, batch_idx is 413
Client 0 finished! Wait! It took 6.664529323577881
Client 0, submit!, batch_idx is 414
Client 0 finished! Wait! It took 6.686950206756592
Client 0, submit!, batch_idx is 415
Client 0 finished! Wait! It took 6.703389406204224
Client 0, submit!, batch_idx is 416
Client 0 finished! Wait! It took 6.736060857772827
Client 0, submit!, batch_idx is 417
Client 0 finished! Wait! It took 6.777399778366089
Client 0, submit!, batch_idx is 418
Client 0 finished! Wait! It took 6.81684422492981
Client 0, submit!, batch_idx is 419
Client 0 finished! Wait! It took 6.8274524211883545
Client 0, submit!, batch_idx is 420
Client 0 finished! Wait! It took 6.8269429206848145
Client 0, submit!, batch_idx is 421
Client 0 finished! Wait! It took 6.819655656814575
Client 0, submit!, batch_idx is 422
Client 0 finished! Wait! It took 6.812535524368286
Client 0, submit!, batch_idx is 423
Client 0 finished! Wait! It took 6.863994121551514
Client 0, submit!, batch_idx is 424
Client 0 finished! Wait! It took 6.892652750015259
Client 0, submit!, batch_idx is 425
Client 0 finished! Wait! It took 6.946703195571899
Client 0, submit!, batch_idx is 426
Client 0 finished! Wait! It took 6.970185041427612
Client 0, submit!, batch_idx is 427
Client 0 finished! Wait! It took 7.002115249633789
Client 0, submit!, batch_idx is 428
Client 0 finished! Wait! It took 6.9699013233184814
Client 0, submit!, batch_idx is 429
Client 0 finished! Wait! It took 7.008072137832642
Client 0, submit!, batch_idx is 430
Client 0 finished! Wait! It took 7.058363199234009
Client 0, submit!, batch_idx is 431
Client 0 finished! Wait! It took 7.107483148574829
Client 0, submit!, batch_idx is 432
Client 0 finished! Wait! It took 7.10564398765564
Client 0, submit!, batch_idx is 433
Client 0 finished! Wait! It took 7.122368812561035
Client 0, submit!, batch_idx is 434
Client 0 finished! Wait! It took 7.173513889312744
Client 0, submit!, batch_idx is 435
Client 0 finished! Wait! It took 7.225439071655273
Client 0, submit!, batch_idx is 436
Client 0 finished! Wait! It took 7.232343912124634
Client 0, submit!, batch_idx is 437
Client 0 finished! Wait! It took 7.284945249557495
Client 0, submit!, batch_idx is 438
Client 0 finished! Wait! It took 7.272216796875
Client 0, submit!, batch_idx is 439
Client 0 finished! Wait! It took 7.278363227844238
Client 0, submit!, batch_idx is 440
Client 0 finished! Wait! It took 7.330200433731079
Client 0, submit!, batch_idx is 441
Client 0 finished! Wait! It took 7.381881952285767
Client 0, submit!, batch_idx is 442
Client 0 finished! Wait! It took 7.264556407928467
Client 0, submit!, batch_idx is 443
Client 0 finished! Wait! It took 7.301228761672974
Client 0, submit!, batch_idx is 444
Client 0 finished! Wait! It took 7.3379762172698975
Client 0, submit!, batch_idx is 445
Client 0 finished! Wait! It took 7.326254367828369
Client 0, submit!, batch_idx is 446
Client 0 finished! Wait! It took 7.2639970779418945
Client 0, submit!, batch_idx is 447
Client 0 finished! Wait! It took 7.1484599113464355
Client 0, submit!, batch_idx is 448
Client 0 finished! Wait! It took 7.147822856903076
Client 0, submit!, batch_idx is 449
Client 0 finished! Wait! It took 7.184461832046509
Client 0, submit!, batch_idx is 450
Client 0 finished! Wait! It took 7.237372875213623
Client 0, submit!, batch_idx is 451
Client 0 finished! Wait! It took 7.232793092727661
Client 0, submit!, batch_idx is 452
Client 0 finished! Wait! It took 7.255319356918335
Client 0, submit!, batch_idx is 453
Client 0 finished! Wait! It took 7.28852391242981
Client 0, submit!, batch_idx is 454
Client 0 finished! Wait! It took 7.2491865158081055
Client 0, submit!, batch_idx is 455
Client 0 finished! Wait! It took 7.299689769744873
Client 0, submit!, batch_idx is 456
Client 0 finished! Wait! It took 7.327876806259155
Client 0, submit!, batch_idx is 457
Client 0 finished! Wait! It took 7.382697582244873
Client 0, submit!, batch_idx is 458
Client 0 finished! Wait! It took 7.412580966949463
Client 0, submit!, batch_idx is 459
Client 0 finished! Wait! It took 7.465668201446533
Client 0, submit!, batch_idx is 460
Client 0 finished! Wait! It took 7.515844345092773
Client 0, submit!, batch_idx is 461
Client 0 finished! Wait! It took 7.566200017929077
Client 0, submit!, batch_idx is 462
Client 0 finished! Wait! It took 7.5795392990112305
Client 0, submit!, batch_idx is 463
Client 0 finished! Wait! It took 7.580035924911499
Client 0, submit!, batch_idx is 464
Client 0 finished! Wait! It took 7.600491046905518
Client 0, submit!, batch_idx is 465
Client 0 finished! Wait! It took 7.52476167678833
Client 0, submit!, batch_idx is 466
Client 0 finished! Wait! It took 7.561209440231323
Client 0, submit!, batch_idx is 467
Client 0 finished! Wait! It took 7.6032233238220215
Client 0, submit!, batch_idx is 468
Client 0 finished! Wait! It took 7.577255725860596
Client 0, submit!, batch_idx is 469
Client 0 finished! Wait! It took 7.62255334854126
Client 0, submit!, batch_idx is 470
Client 0 finished! Wait! It took 7.545892953872681
Client 0, submit!, batch_idx is 471
Client 0 finished! Wait! It took 7.600609064102173
Client 0, submit!, batch_idx is 472
Client 0 finished! Wait! It took 7.515946626663208
Client 0, submit!, batch_idx is 473
Client 0 finished! Wait! It took 7.569568872451782
Client 0, submit!, batch_idx is 474
Client 0 finished! Wait! It took 7.53610897064209
Client 0, submit!, batch_idx is 475
Client 0 finished! Wait! It took 7.561549663543701
Client 0, submit!, batch_idx is 476
Client 0 finished! Wait! It took 7.418519973754883
Client 0, submit!, batch_idx is 477
Client 0 finished! Wait! It took 7.470694541931152
Client 0, submit!, batch_idx is 478
Client 0 finished! Wait! It took 7.493891477584839
Client 0, submit!, batch_idx is 479
Client 0 finished! Wait! It took 7.409746170043945
Client 0, submit!, batch_idx is 480
Client 0 finished! Wait! It took 7.435608863830566
Client 0, submit!, batch_idx is 481
Client 0 finished! Wait! It took 7.4517738819122314
Client 0, submit!, batch_idx is 482
Client 0 finished! Wait! It took 7.460867643356323
Client 0, submit!, batch_idx is 483
Client 0 finished! Wait! It took 7.493256568908691
Client 0, submit!, batch_idx is 484
Client 0 finished! Wait! It took 7.508954286575317
Client 0, submit!, batch_idx is 485
Client 0 finished! Wait! It took 7.52901554107666
Client 0, submit!, batch_idx is 486
Client 0 finished! Wait! It took 7.49189829826355
Client 0, submit!, batch_idx is 487
Client 0 finished! Wait! It took 7.545253753662109
Client 0, submit!, batch_idx is 488
Client 0 finished! Wait! It took 7.587464332580566
Client 0, submit!, batch_idx is 489
Client 0 finished! Wait! It took 7.522547721862793
Client 0, submit!, batch_idx is 490
Client 0 finished! Wait! It took 7.489420652389526
Client 0, submit!, batch_idx is 491
Client 0 finished! Wait! It took 7.52055287361145
Client 0, submit!, batch_idx is 492
Client 0 finished! Wait! It took 7.537067651748657
Client 0, submit!, batch_idx is 493
Client 0 finished! Wait! It took 7.579391241073608
Client 0, submit!, batch_idx is 494
Client 0 finished! Wait! It took 7.62648344039917
Client 0, submit!, batch_idx is 495
Client 0 finished! Wait! It took 7.656803607940674
Client 0, submit!, batch_idx is 496
Client 0 finished! Wait! It took 7.694818496704102
Client 0, submit!, batch_idx is 497
Client 0 finished! Wait! It took 7.7152063846588135
Client 0, submit!, batch_idx is 498
Client 0 finished! Wait! It took 7.767221689224243
Client 0, submit!, batch_idx is 499
Client 0 finished! Wait! It took 7.676133155822754
Client 0, submit!, batch_idx is 500
Client 0 finished! Wait! It took 7.560303211212158
Client 0, submit!, batch_idx is 501
Client 0 finished! Wait! It took 7.568665981292725
Client 0, submit!, batch_idx is 502
Client 0 finished! Wait! It took 7.593388080596924
Client 0, submit!, batch_idx is 503
Client 0 finished! Wait! It took 7.633780479431152
Client 0, submit!, batch_idx is 504
Client 0 finished! Wait! It took 7.621995687484741
Client 0, submit!, batch_idx is 505
Client 0 finished! Wait! It took 7.631232976913452
Client 0, submit!, batch_idx is 506
Client 0 finished! Wait! It took 7.6793599128723145
Client 0, submit!, batch_idx is 507
Client 0 finished! Wait! It took 7.638372898101807
Client 0, submit!, batch_idx is 508
Client 0 finished! Wait! It took 7.625991582870483
Client 0, submit!, batch_idx is 509
Client 0 finished! Wait! It took 7.562516450881958
Client 0, submit!, batch_idx is 510
Client 0 finished! Wait! It took 7.567692756652832
Client 0, submit!, batch_idx is 511
Client 0 finished! Wait! It took 7.587752103805542
Client 0, submit!, batch_idx is 512
Client 0 finished! Wait! It took 7.623227834701538
Client 0, submit!, batch_idx is 513
Client 0 finished! Wait! It took 7.571910381317139
Client 0, submit!, batch_idx is 514
Client 0 finished! Wait! It took 7.547750949859619
Client 0, submit!, batch_idx is 515
Client 0 finished! Wait! It took 7.601354360580444
Client 0, submit!, batch_idx is 516
Client 0 finished! Wait! It took 7.6555140018463135
Client 0, submit!, batch_idx is 517
Client 0 finished! Wait! It took 7.691912651062012
Client 0, submit!, batch_idx is 518
Client 0 finished! Wait! It took 7.680753946304321
Client 0, submit!, batch_idx is 519
Client 0 finished! Wait! It took 7.561419486999512
Client 0, submit!, batch_idx is 520
Client 0 finished! Wait! It took 7.610367059707642
Client 0, submit!, batch_idx is 521
Client 0 finished! Wait! It took 7.62957239151001
Client 0, submit!, batch_idx is 522
Client 0 finished! Wait! It took 7.6656646728515625
Client 0, submit!, batch_idx is 523
Client 0 finished! Wait! It took 7.581000804901123
Client 0, submit!, batch_idx is 524
Client 0 finished! Wait! It took 7.562395095825195
Client 0, submit!, batch_idx is 525
Client 0 finished! Wait! It took 7.544917106628418
Client 0, submit!, batch_idx is 526
Client 0 finished! Wait! It took 7.57488226890564
Client 0, submit!, batch_idx is 527
Client 0 finished! Wait! It took 7.608935356140137
Client 0, submit!, batch_idx is 528
Client 0 finished! Wait! It took 7.65149712562561
Client 0, submit!, batch_idx is 529
Client 0 finished! Wait! It took 7.704437971115112
Client 0, submit!, batch_idx is 530
Client 0 finished! Wait! It took 7.679681777954102
Client 0, submit!, batch_idx is 531
Client 0 finished! Wait! It took 7.6681129932403564
Client 0, submit!, batch_idx is 532
Client 0 finished! Wait! It took 7.39647364616394
Client 0, submit!, batch_idx is 533
Client 0 finished! Wait! It took 7.223994255065918
Client 0, submit!, batch_idx is 534
Client 0 finished! Wait! It took 7.24698543548584
Client 0, submit!, batch_idx is 535
Client 0 finished! Wait! It took 7.2436301708221436
Client 0, submit!, batch_idx is 536
Client 0 finished! Wait! It took 7.1833062171936035
Client 0, submit!, batch_idx is 537
Client 0 finished! Wait! It took 7.162938356399536
Client 0, submit!, batch_idx is 538
Client 0 finished! Wait! It took 7.206821441650391
Client 0, submit!, batch_idx is 539
Client 0 finished! Wait! It took 7.238258123397827
Client 0, submit!, batch_idx is 540
Client 0 finished! Wait! It took 7.2879860401153564
Client 0, submit!, batch_idx is 541
Client 0 finished! Wait! It took 7.220042705535889
Client 0, submit!, batch_idx is 542
Client 0 finished! Wait! It took 7.238550186157227
Client 0, submit!, batch_idx is 543
Client 0 finished! Wait! It took 7.284502983093262
Client 0, submit!, batch_idx is 544
Client 0 finished! Wait! It took 7.29545259475708
Client 0, submit!, batch_idx is 545
Client 0 finished! Wait! It took 7.312323570251465
Client 0, submit!, batch_idx is 546
Client 0 finished! Wait! It took 7.349851131439209
Client 0, submit!, batch_idx is 547
Client 0 finished! Wait! It took 7.400489807128906
Client 0, submit!, batch_idx is 548
Client 0 finished! Wait! It took 7.4112021923065186
Client 0, submit!, batch_idx is 549
Client 0 finished! Wait! It took 7.437090635299683
Client 0, submit!, batch_idx is 550
Client 0 finished! Wait! It took 7.433381795883179
Client 0, submit!, batch_idx is 551
Client 0 finished! Wait! It took 7.459263801574707
Client 0, submit!, batch_idx is 552
Client 0 finished! Wait! It took 7.438329219818115
Client 0, submit!, batch_idx is 553
Client 0 finished! Wait! It took 7.461623907089233
Client 0, submit!, batch_idx is 554
Client 0 finished! Wait! It took 7.483954429626465
Client 0, submit!, batch_idx is 555
Client 0 finished! Wait! It took 7.4557225704193115
Client 0, submit!, batch_idx is 556
Client 0 finished! Wait! It took 7.49028468132019
Client 0, submit!, batch_idx is 557
Client 0 finished! Wait! It took 7.539782762527466
Client 0, submit!, batch_idx is 558
Client 0 finished! Wait! It took 7.59410548210144
Client 0, submit!, batch_idx is 559
Client 0 finished! Wait! It took 7.593040466308594
Client 0, submit!, batch_idx is 560
Client 0 finished! Wait! It took 7.609608173370361
Client 0, submit!, batch_idx is 561
Client 0 finished! Wait! It took 7.616325855255127
Client 0, submit!, batch_idx is 562
Client 0 finished! Wait! It took 7.66194224357605
Client 0, submit!, batch_idx is 563
Client 0 finished! Wait! It took 7.711527347564697
Client 0, submit!, batch_idx is 564
Client 0 finished! Wait! It took 7.7663514614105225
Client 0, submit!, batch_idx is 565
Client 0 finished! Wait! It took 7.80433201789856
Client 0, submit!, batch_idx is 566
Client 0 finished! Wait! It took 7.824157238006592
Client 0, submit!, batch_idx is 567
Client 0 finished! Wait! It took 7.8594810962677
Client 0, submit!, batch_idx is 568
Client 0 finished! Wait! It took 7.891669511795044
Client 0, submit!, batch_idx is 569
Client 0 finished! Wait! It took 7.853198528289795
Client 0, submit!, batch_idx is 570
Client 0 finished! Wait! It took 7.891279935836792
Client 0, submit!, batch_idx is 571
Client 0 finished! Wait! It took 7.918024301528931
Client 0, submit!, batch_idx is 572
Client 0 finished! Wait! It took 7.913200616836548
Client 0, submit!, batch_idx is 573
Client 0 finished! Wait! It took 7.948206186294556
Client 0, submit!, batch_idx is 574
Client 0 finished! Wait! It took 7.9646217823028564
Client 0, submit!, batch_idx is 575
Client 0 finished! Wait! It took 7.940514326095581
Client 0, submit!, batch_idx is 576
Client 0 finished! Wait! It took 7.876339912414551
Client 0, submit!, batch_idx is 577
Client 0 finished! Wait! It took 7.925424575805664
Client 0, submit!, batch_idx is 578
Client 0 finished! Wait! It took 7.876240491867065
Client 0, submit!, batch_idx is 579
Client 0 finished! Wait! It took 7.905385732650757
Client 0, submit!, batch_idx is 580
Client 0 finished! Wait! It took 7.950310707092285
Client 0, submit!, batch_idx is 581
Client 0 finished! Wait! It took 7.982402086257935
Client 0, submit!, batch_idx is 582
Client 0 finished! Wait! It took 7.882348537445068
Client 0, submit!, batch_idx is 583
Client 0 finished! Wait! It took 7.910454511642456
Client 0, submit!, batch_idx is 584
Client 0 finished! Wait! It took 7.949655055999756
Client 0, submit!, batch_idx is 585
Client 0 finished! Wait! It took 7.965246677398682
Client 0, submit!, batch_idx is 586
Client 0 finished! Wait! It took 8.010807752609253
Client 0, submit!, batch_idx is 587
Client 0 finished! Wait! It took 8.064688444137573
Client 0, submit!, batch_idx is 588
Client 0 finished! Wait! It took 8.115588188171387
Client 0, submit!, batch_idx is 589
Client 0 finished! Wait! It took 8.165339946746826
Client 0, submit!, batch_idx is 590
Client 0 finished! Wait! It took 8.214208841323853
Client 0, submit!, batch_idx is 591
Client 0 finished! Wait! It took 8.263486623764038
Client 0, submit!, batch_idx is 592
Client 0 finished! Wait! It took 8.277882099151611
Client 0, submit!, batch_idx is 593
Client 0 finished! Wait! It took 8.325100660324097
Client 0, submit!, batch_idx is 594
Client 0 finished! Wait! It took 8.36342191696167
Client 0, submit!, batch_idx is 595
Client 0 finished! Wait! It took 8.3280611038208
Client 0, submit!, batch_idx is 596
Client 0 finished! Wait! It took 8.357605218887329
Client 0, submit!, batch_idx is 597
Client 0 finished! Wait! It took 8.368829250335693
Client 0, submit!, batch_idx is 598
Client 0 finished! Wait! It took 8.416731357574463
Client 0, submit!, batch_idx is 599
Client 0 finished! Wait! It took 8.463397979736328
Client 0, submit!, batch_idx is 600
Client 0 finished! Wait! It took 8.517139434814453
Client 0, submit!, batch_idx is 601
Client 0 finished! Wait! It took 8.566492557525635
Client 0, submit!, batch_idx is 602
Client 0 finished! Wait! It took 8.608887910842896
Client 0, submit!, batch_idx is 603
Client 0 finished! Wait! It took 8.656556129455566
Client 0, submit!, batch_idx is 604
Client 0 finished! Wait! It took 8.708080530166626
Client 0, submit!, batch_idx is 605
Client 0 finished! Wait! It took 8.758162021636963
Client 0, submit!, batch_idx is 606
Client 0 finished! Wait! It took 8.78878903388977
Client 0, submit!, batch_idx is 607
Client 0 finished! Wait! It took 8.834760189056396
Client 0, submit!, batch_idx is 608
Client 0 finished! Wait! It took 8.871922731399536
Client 0, submit!, batch_idx is 609
Client 0 finished! Wait! It took 8.89965534210205
Client 0, submit!, batch_idx is 610
Client 0 finished! Wait! It took 8.909212350845337
Client 0, submit!, batch_idx is 611
Client 0 finished! Wait! It took 8.963058948516846
Client 0, submit!, batch_idx is 612
Client 0 finished! Wait! It took 8.95405888557434
Client 0, submit!, batch_idx is 613
Client 0 finished! Wait! It took 8.969777822494507
Client 0, submit!, batch_idx is 614
Client 0 finished! Wait! It took 9.021842241287231
Client 0, submit!, batch_idx is 615
Client 0 finished! Wait! It took 8.995863914489746
Client 0, submit!, batch_idx is 616
Client 0 finished! Wait! It took 8.952978610992432
Client 0, submit!, batch_idx is 617
Client 0 finished! Wait! It took 9.007243156433105
Client 0, submit!, batch_idx is 618
Client 0 finished! Wait! It took 9.050914764404297
Client 0, submit!, batch_idx is 619
Client 0 finished! Wait! It took 9.042375802993774
Client 0, submit!, batch_idx is 620
Client 0 finished! Wait! It took 9.043977737426758
Client 0, submit!, batch_idx is 621
Client 0 finished! Wait! It took 9.092453002929688
Client 0, submit!, batch_idx is 622
Client 0 finished! Wait! It took 9.138341903686523
Client 0, submit!, batch_idx is 623
Client 0 finished! Wait! It took 9.175155401229858
Client 0, submit!, batch_idx is 624
Client 0 finished! Wait! It took 9.204153060913086
Client 0, submit!, batch_idx is 625
Client 0 finished! Wait! It took 9.220843076705933
Client 0, submit!, batch_idx is 626
Client 0 finished! Wait! It took 9.25771188735962
Client 0, submit!, batch_idx is 627
Client 0 finished! Wait! It took 9.288578987121582
Client 0, submit!, batch_idx is 628
Client 0 finished! Wait! It took 9.29015302658081
Client 0, submit!, batch_idx is 629
Client 0 finished! Wait! It took 9.345481157302856
Client 0, submit!, batch_idx is 630
Client 0 finished! Wait! It took 9.389112710952759
Client 0, submit!, batch_idx is 631
Client 0 finished! Wait! It took 9.394394636154175
Client 0, submit!, batch_idx is 632
Client 0 finished! Wait! It took 9.359647989273071
Client 0, submit!, batch_idx is 633
Client 0 finished! Wait! It took 9.386210680007935
Client 0, submit!, batch_idx is 634
Client 0 finished! Wait! It took 9.411101341247559
Client 0, submit!, batch_idx is 635
Client 0 finished! Wait! It took 9.462316274642944
Client 0, submit!, batch_idx is 636
Client 0 finished! Wait! It took 9.495030164718628
Client 0, submit!, batch_idx is 637
Client 0 finished! Wait! It took 9.520339727401733
Client 0, submit!, batch_idx is 638
Client 0 finished! Wait! It took 9.565688848495483
Client 0, submit!, batch_idx is 639
Client 0 finished! Wait! It took 9.608194589614868
Client 0, submit!, batch_idx is 640
Client 0 finished! Wait! It took 9.644990682601929
Client 0, submit!, batch_idx is 641
Client 0 finished! Wait! It took 9.700572967529297
Client 0, submit!, batch_idx is 642
Client 0 finished! Wait! It took 9.740439653396606
Client 0, submit!, batch_idx is 643
Client 0 finished! Wait! It took 9.78668999671936
Client 0, submit!, batch_idx is 644
Client 0 finished! Wait! It took 9.827216625213623
Client 0, submit!, batch_idx is 645
Client 0 finished! Wait! It took 9.877588748931885
Client 0, submit!, batch_idx is 646
Client 0 finished! Wait! It took 9.844507455825806
Client 0, submit!, batch_idx is 647
Client 0 finished! Wait! It took 9.86378526687622
Client 0, submit!, batch_idx is 648
Client 0 finished! Wait! It took 9.873793363571167
Client 0, submit!, batch_idx is 649
Client 0 finished! Wait! It took 9.867066383361816
Client 0, submit!, batch_idx is 650
Client 0 finished! Wait! It took 9.894909381866455
Client 0, submit!, batch_idx is 651
Client 0 finished! Wait! It took 9.94673204421997
Client 0, submit!, batch_idx is 652
Client 0 finished! Wait! It took 9.971384763717651
Client 0, submit!, batch_idx is 653
Client 0 finished! Wait! It took 9.991403818130493
Client 0, submit!, batch_idx is 654
Client 0 finished! Wait! It took 9.991917133331299
Client 0, submit!, batch_idx is 655
Client 0 finished! Wait! It took 10.02458143234253
Client 0, submit!, batch_idx is 656
Client 0 finished! Wait! It took 10.0746169090271
Client 0, submit!, batch_idx is 657
Client 0 finished! Wait! It took 10.116497039794922
Client 0, submit!, batch_idx is 658
Client 0 finished! Wait! It took 10.153876543045044
Client 0, submit!, batch_idx is 659
Client 0 finished! Wait! It took 10.167753458023071
Client 0, submit!, batch_idx is 660
Client 0 finished! Wait! It took 10.189119338989258
Client 0, submit!, batch_idx is 661
Client 0 finished! Wait! It took 10.226974248886108
Client 0, submit!, batch_idx is 662
Client 0 finished! Wait! It took 10.110106945037842
Client 0, submit!, batch_idx is 663
Client 0 finished! Wait! It took 10.128117799758911
Client 0, submit!, batch_idx is 664
Client 0 finished! Wait! It took 10.172783136367798
Client 0, submit!, batch_idx is 665
Client 0 finished! Wait! It took 10.223998308181763
Client 0, submit!, batch_idx is 666
Client 0 finished! Wait! It took 10.274047136306763
Client 0, submit!, batch_idx is 667
Client 0 finished! Wait! It took 10.319397449493408
Client 0, submit!, batch_idx is 668
Client 0 finished! Wait! It took 10.367867708206177
Client 0, submit!, batch_idx is 669
Client 0 finished! Wait! It took 10.41495394706726
Client 0, submit!, batch_idx is 670
Client 0 finished! Wait! It took 10.456790447235107
Client 0, submit!, batch_idx is 671
Client 0 finished! Wait! It took 10.504454374313354
Client 0, submit!, batch_idx is 672
Client 0 finished! Wait! It took 10.469116926193237
Client 0, submit!, batch_idx is 673
Client 0 finished! Wait! It took 10.521059513092041
Client 0, submit!, batch_idx is 674
Client 0 finished! Wait! It took 10.546592950820923
Client 0, submit!, batch_idx is 675
Client 0 finished! Wait! It took 10.580892562866211
Client 0, submit!, batch_idx is 676
Client 0 finished! Wait! It took 10.474584817886353
Client 0, submit!, batch_idx is 677
Client 0 finished! Wait! It took 10.525282382965088
Client 0, submit!, batch_idx is 678
Client 0 finished! Wait! It took 10.56043028831482
Client 0, submit!, batch_idx is 679
Client 0 finished! Wait! It took 10.476086854934692
Client 0, submit!, batch_idx is 680
Client 0 finished! Wait! It took 10.451297044754028
Client 0, submit!, batch_idx is 681
Client 0 finished! Wait! It took 10.43860912322998
Client 0, submit!, batch_idx is 682
Client 0 finished! Wait! It took 10.4819655418396
Client 0, submit!, batch_idx is 683
Client 0 finished! Wait! It took 10.529910564422607
Client 0, submit!, batch_idx is 684
Client 0 finished! Wait! It took 10.54089879989624
Client 0, submit!, batch_idx is 685
Client 0 finished! Wait! It took 10.490057945251465
Client 0, submit!, batch_idx is 686
Client 0 finished! Wait! It took 10.512928485870361
Client 0, submit!, batch_idx is 687
Client 0 finished! Wait! It took 10.534261703491211
Client 0, submit!, batch_idx is 688
Client 0 finished! Wait! It took 10.576570987701416
Client 0, submit!, batch_idx is 689
Client 0 finished! Wait! It took 10.5731201171875
Client 0, submit!, batch_idx is 690
Client 0 finished! Wait! It took 10.62010645866394
Client 0, submit!, batch_idx is 691
Client 0 finished! Wait! It took 10.659919261932373
Client 0, submit!, batch_idx is 692
Client 0 finished! Wait! It took 10.692992448806763
Client 0, submit!, batch_idx is 693
Client 0 finished! Wait! It took 10.720123052597046
Client 0, submit!, batch_idx is 694
Client 0 finished! Wait! It took 10.764501571655273
Client 0, submit!, batch_idx is 695
Client 0 finished! Wait! It took 10.815397500991821
Client 0, submit!, batch_idx is 696
Client 0 finished! Wait! It took 10.834704399108887
Client 0, submit!, batch_idx is 697
Client 0 finished! Wait! It took 10.87898564338684
Client 0, submit!, batch_idx is 698
Client 0 finished! Wait! It took 10.901033401489258
Client 0, submit!, batch_idx is 699
Client 0 finished! Wait! It took 10.94982385635376
Client 0, submit!, batch_idx is 700
Client 0 finished! Wait! It took 10.979053497314453
Client 0, submit!, batch_idx is 701
Client 0 finished! Wait! It took 11.004093170166016
Client 0, submit!, batch_idx is 702
Client 0 finished! Wait! It took 11.057485580444336
Client 0, submit!, batch_idx is 703
Client 0 finished! Wait! It took 11.09778094291687
Client 0, submit!, batch_idx is 704
Client 0 finished! Wait! It took 11.148675203323364
Client 0, submit!, batch_idx is 705
Client 0 finished! Wait! It took 11.201659440994263
Client 0, submit!, batch_idx is 706
Client 0 finished! Wait! It took 11.07311201095581
Client 0, submit!, batch_idx is 707
Client 0 finished! Wait! It took 11.11293888092041
Client 0, submit!, batch_idx is 708
Client 0 finished! Wait! It took 11.101765394210815
Client 0, submit!, batch_idx is 709
Client 0 finished! Wait! It took 11.145428895950317
Client 0, submit!, batch_idx is 710
Client 0 finished! Wait! It took 11.154917478561401
Client 0, submit!, batch_idx is 711
Client 0 finished! Wait! It took 11.153302431106567
Client 0, submit!, batch_idx is 712
Client 0 finished! Wait! It took 11.173883199691772
Client 0, submit!, batch_idx is 713
Client 0 finished! Wait! It took 11.205063104629517
Client 0, submit!, batch_idx is 714
Client 0 finished! Wait! It took 11.24081563949585
Client 0, submit!, batch_idx is 715
Client 0 finished! Wait! It took 11.280338287353516
Client 0, submit!, batch_idx is 716
Client 0 finished! Wait! It took 11.230478048324585
Client 0, submit!, batch_idx is 717
Client 0 finished! Wait! It took 11.21487307548523
Client 0, submit!, batch_idx is 718
Client 0 finished! Wait! It took 11.135962963104248
Client 0, submit!, batch_idx is 719
Client 0 finished! Wait! It took 11.186118602752686
Client 0, submit!, batch_idx is 720
Client 0 finished! Wait! It took 11.189282178878784
Client 0, submit!, batch_idx is 721
Client 0 finished! Wait! It took 11.134509801864624
Client 0, submit!, batch_idx is 722
Client 0 finished! Wait! It took 11.1835196018219
Client 0, submit!, batch_idx is 723
Client 0 finished! Wait! It took 11.237591743469238
Client 0, submit!, batch_idx is 724
Client 0 finished! Wait! It took 11.240246772766113
Client 0, submit!, batch_idx is 725
Client 0 finished! Wait! It took 11.261511325836182
Client 0, submit!, batch_idx is 726
Client 0 finished! Wait! It took 11.242998361587524
Client 0, submit!, batch_idx is 727
Client 0 finished! Wait! It took 11.292415618896484
Client 0, submit!, batch_idx is 728
Client 0 finished! Wait! It took 11.28421139717102
Client 0, submit!, batch_idx is 729
Client 0 finished! Wait! It took 11.330723285675049
Client 0, submit!, batch_idx is 730
Client 0 finished! Wait! It took 11.380338191986084
Client 0, submit!, batch_idx is 731
Client 0 finished! Wait! It took 11.42874026298523
Client 0, submit!, batch_idx is 732
Client 0 finished! Wait! It took 11.417065143585205
Client 0, submit!, batch_idx is 733
Client 0 finished! Wait! It took 11.43015170097351
Client 0, submit!, batch_idx is 734
Client 0 finished! Wait! It took 11.457245826721191
Client 0, submit!, batch_idx is 735
Client 0 finished! Wait! It took 11.496501922607422
Client 0, submit!, batch_idx is 736
Client 0 finished! Wait! It took 11.469083309173584
Client 0, submit!, batch_idx is 737
Client 0 finished! Wait! It took 11.504886150360107
Client 0, submit!, batch_idx is 738
Client 0 finished! Wait! It took 11.494075298309326
Client 0, submit!, batch_idx is 739
Client 0 finished! Wait! It took 11.527430772781372
Client 0, submit!, batch_idx is 740
Client 0 finished! Wait! It took 11.56409239768982
Client 0, submit!, batch_idx is 741
Client 0 finished! Wait! It took 11.594475746154785
Client 0, submit!, batch_idx is 742
Client 0 finished! Wait! It took 11.63588571548462
Client 0, submit!, batch_idx is 743
Client 0 finished! Wait! It took 11.636260032653809
Client 0, submit!, batch_idx is 744
Client 0 finished! Wait! It took 11.663583278656006
Client 0, submit!, batch_idx is 745
Client 0 finished! Wait! It took 11.70852255821228
Client 0, submit!, batch_idx is 746
Client 0 finished! Wait! It took 11.672069072723389
Client 0, submit!, batch_idx is 747
Client 0 finished! Wait! It took 11.708020448684692
Client 0, submit!, batch_idx is 748
Client 0 finished! Wait! It took 11.732123374938965
Client 0, submit!, batch_idx is 749
Client 0 finished! Wait! It took 11.692569732666016
Client 0, submit!, batch_idx is 750
Client 0 finished! Wait! It took 11.708693265914917
Client 0, submit!, batch_idx is 751
Client 0 finished! Wait! It took 11.75942587852478
Client 0, submit!, batch_idx is 752
Client 0 finished! Wait! It took 11.703376054763794
Client 0, submit!, batch_idx is 753
Client 0 finished! Wait! It took 11.719278573989868
Client 0, submit!, batch_idx is 754
Client 0 finished! Wait! It took 11.758395195007324
Client 0, submit!, batch_idx is 755
Client 0 finished! Wait! It took 11.807621717453003
Client 0, submit!, batch_idx is 756
Client 0 finished! Wait! It took 11.799881219863892
Client 0, submit!, batch_idx is 757
Client 0 finished! Wait! It took 11.816446542739868
Client 0, submit!, batch_idx is 758
Client 0 finished! Wait! It took 11.84125018119812
Client 0, submit!, batch_idx is 759
Client 0 finished! Wait! It took 11.807266235351562
Client 0, submit!, batch_idx is 760
Client 0 finished! Wait! It took 11.801770687103271
Client 0, submit!, batch_idx is 761
Client 0 finished! Wait! It took 11.851993799209595
Client 0, submit!, batch_idx is 762
Client 0 finished! Wait! It took 11.892313003540039
Client 0, submit!, batch_idx is 763
Client 0 finished! Wait! It took 11.936155796051025
Client 0, submit!, batch_idx is 764
Client 0 finished! Wait! It took 11.93715500831604
Client 0, submit!, batch_idx is 765
Client 0 finished! Wait! It took 11.991037607192993
Client 0, submit!, batch_idx is 766
Client 0 finished! Wait! It took 12.012815237045288
Client 0, submit!, batch_idx is 767
Client 0 finished! Wait! It took 12.012259483337402
Client 0, submit!, batch_idx is 768
Client 0 finished! Wait! It took 11.985219240188599
Client 0, submit!, batch_idx is 769
Client 0 finished! Wait! It took 12.025218486785889
Client 0, submit!, batch_idx is 770
Client 0 finished! Wait! It took 12.011603593826294
Client 0, submit!, batch_idx is 771
Client 0 finished! Wait! It took 12.062202453613281
Client 0, submit!, batch_idx is 772
Client 0 finished! Wait! It took 12.042712450027466
Client 0, submit!, batch_idx is 773
Client 0 finished! Wait! It took 12.092437267303467
Client 0, submit!, batch_idx is 774
Client 0 finished! Wait! It took 12.127926349639893
Client 0, submit!, batch_idx is 775
Client 0 finished! Wait! It took 12.120849370956421
Client 0, submit!, batch_idx is 776
Client 0 finished! Wait! It took 12.169822454452515
Client 0, submit!, batch_idx is 777
Client 0 finished! Wait! It took 12.214901208877563
Client 0, submit!, batch_idx is 778
Client 0 finished! Wait! It took 12.218888521194458
Client 0, submit!, batch_idx is 779
Client 0 finished! Wait! It took 12.223283290863037
Client 0, submit!, batch_idx is 780
Client 0 finished! Wait! It took 12.237749338150024
Client 0, submit!, batch_idx is 781
Client 0 finished! Wait! It took 12.245651245117188
Client 0, submit!, batch_idx is 782
Client 0 finished! Wait! It took 12.269805669784546
Client 0, submit!, batch_idx is 783
Client 0 finished! Wait! It took 12.31364393234253
Client 0, submit!, batch_idx is 784
Client 0 finished! Wait! It took 12.351919651031494
Client 0, submit!, batch_idx is 785
Client 0 finished! Wait! It took 12.399411916732788
Client 0, submit!, batch_idx is 786
Client 0 finished! Wait! It took 12.359359502792358
Client 0, submit!, batch_idx is 787
Client 0 finished! Wait! It took 12.379861831665039
Client 0, submit!, batch_idx is 788
Client 0 finished! Wait! It took 12.415986061096191
Client 0, submit!, batch_idx is 789
Client 0 finished! Wait! It took 12.446685552597046
Client 0, submit!, batch_idx is 790
Client 0 finished! Wait! It took 12.384455919265747
Client 0, submit!, batch_idx is 791
Client 0 finished! Wait! It took 12.433233261108398
Client 0, submit!, batch_idx is 792
Client 0 finished! Wait! It took 12.453193426132202
Client 0, submit!, batch_idx is 793
Client 0 finished! Wait! It took 12.480462074279785
Client 0, submit!, batch_idx is 794
Client 0 finished! Wait! It took 12.497885704040527
Client 0, submit!, batch_idx is 795
Client 0 finished! Wait! It took 12.552410364151001
Client 0, submit!, batch_idx is 796
Client 0 finished! Wait! It took 12.525609016418457
Client 0, submit!, batch_idx is 797
Client 0 finished! Wait! It took 12.473215103149414
Client 0, submit!, batch_idx is 798
Client 0 finished! Wait! It took 12.495376586914062
Client 0, submit!, batch_idx is 799
Client 0 finished! Wait! It took 12.503068685531616
Client 0, submit!, batch_idx is 800
Client 0 finished! Wait! It took 12.455996751785278
Client 0, submit!, batch_idx is 801
Client 0 finished! Wait! It took 12.462607860565186
Client 0, submit!, batch_idx is 802
Client 0 finished! Wait! It took 12.51244330406189
Client 0, submit!, batch_idx is 803
Client 0 finished! Wait! It took 12.53333044052124
Client 0, submit!, batch_idx is 804
Client 0 finished! Wait! It took 12.551732063293457
Client 0, submit!, batch_idx is 805
Client 0 finished! Wait! It took 12.586080312728882
Client 0, submit!, batch_idx is 806
Client 0 finished! Wait! It took 12.588168382644653
Client 0, submit!, batch_idx is 807
Client 0 finished! Wait! It took 12.534692525863647
Client 0, submit!, batch_idx is 808
Client 0 finished! Wait! It took 12.486078023910522
Client 0, submit!, batch_idx is 809
Client 0 finished! Wait! It took 12.517578601837158
Client 0, submit!, batch_idx is 810
Client 0 finished! Wait! It took 12.567999839782715
Client 0, submit!, batch_idx is 811
Client 0 finished! Wait! It took 12.455677270889282
Client 0, submit!, batch_idx is 812
Client 0 finished! Wait! It took 12.438084125518799
Client 0, submit!, batch_idx is 813
Client 0 finished! Wait! It took 12.487972021102905
Client 0, submit!, batch_idx is 814
Client 0 finished! Wait! It took 12.441640377044678
Client 0, submit!, batch_idx is 815
Client 0 finished! Wait! It took 12.415475368499756
Client 0, submit!, batch_idx is 816
Client 0 finished! Wait! It took 12.441421270370483
Client 0, submit!, batch_idx is 817
Client 0 finished! Wait! It took 12.461112022399902
Client 0, submit!, batch_idx is 818
Client 0 finished! Wait! It took 12.49612808227539
Client 0, submit!, batch_idx is 819
Client 0 finished! Wait! It took 12.549110889434814
Client 0, submit!, batch_idx is 820
Client 0 finished! Wait! It took 12.588271141052246
Client 0, submit!, batch_idx is 821
Client 0 finished! Wait! It took 12.5785551071167
Client 0, submit!, batch_idx is 822
Client 0 finished! Wait! It took 12.633636713027954
Client 0, submit!, batch_idx is 823
Client 0 finished! Wait! It took 12.672881603240967
Client 0, submit!, batch_idx is 824
Client 0 finished! Wait! It took 12.708322048187256
Client 0, submit!, batch_idx is 825
Client 0 finished! Wait! It took 12.734230279922485
Client 0, submit!, batch_idx is 826
Client 0 finished! Wait! It took 12.688735246658325
Client 0, submit!, batch_idx is 827
Client 0 finished! Wait! It took 12.727328062057495
Client 0, submit!, batch_idx is 828
Client 0 finished! Wait! It took 12.765785217285156
Client 0, submit!, batch_idx is 829
Client 0 finished! Wait! It took 12.767509937286377
Client 0, submit!, batch_idx is 830
Client 0 finished! Wait! It took 12.798699140548706
Client 0, submit!, batch_idx is 831
Client 0 finished! Wait! It took 12.844019889831543
Client 0, submit!, batch_idx is 832
Client 0 finished! Wait! It took 12.875409126281738
Client 0, submit!, batch_idx is 833
Client 0 finished! Wait! It took 12.924866437911987
Client 0, submit!, batch_idx is 834
Client 0 finished! Wait! It took 12.972592830657959
Client 0, submit!, batch_idx is 835
Client 0 finished! Wait! It took 13.000449180603027
Client 0, submit!, batch_idx is 836
Client 0 finished! Wait! It took 13.03444218635559
Client 0, submit!, batch_idx is 837
Client 0 finished! Wait! It took 12.992345809936523
Client 0, submit!, batch_idx is 838
Client 0 finished! Wait! It took 13.029656410217285
Client 0, submit!, batch_idx is 839
Client 0 finished! Wait! It took 13.051119565963745
Client 0, submit!, batch_idx is 840
Client 0 finished! Wait! It took 13.067724227905273
Client 0, submit!, batch_idx is 841
Client 0 finished! Wait! It took 13.124292612075806
Client 0, submit!, batch_idx is 842
Client 0 finished! Wait! It took 13.13754153251648
Client 0, submit!, batch_idx is 843
Client 0 finished! Wait! It took 13.186116933822632
Client 0, submit!, batch_idx is 844
Client 0 finished! Wait! It took 13.111719131469727
Client 0, submit!, batch_idx is 845
Client 0 finished! Wait! It took 13.160487413406372
Client 0, submit!, batch_idx is 846
Client 0 finished! Wait! It took 13.194518089294434
Client 0, submit!, batch_idx is 847
Client 0 finished! Wait! It took 13.246392965316772
Client 0, submit!, batch_idx is 848
Client 0 finished! Wait! It took 13.071263551712036
Client 0, submit!, batch_idx is 849
Client 0 finished! Wait! It took 13.099087715148926
Client 0, submit!, batch_idx is 850
Client 0 finished! Wait! It took 13.119432210922241
Client 0, submit!, batch_idx is 851
Client 0 finished! Wait! It took 13.172075748443604
Client 0, submit!, batch_idx is 852
Client 0 finished! Wait! It took 13.17235803604126
Client 0, submit!, batch_idx is 853
Client 0 finished! Wait! It took 13.219239234924316
Client 0, submit!, batch_idx is 854
Client 0 finished! Wait! It took 13.183652639389038
Client 0, submit!, batch_idx is 855
Client 0 finished! Wait! It took 13.230139255523682
Client 0, submit!, batch_idx is 856
Client 0 finished! Wait! It took 13.276918172836304
Client 0, submit!, batch_idx is 857
Client 0 finished! Wait! It took 13.330920696258545
Client 0, submit!, batch_idx is 858
Client 0 finished! Wait! It took 13.360618829727173
Client 0, submit!, batch_idx is 859
Client 0 finished! Wait! It took 13.382798194885254
Client 0, submit!, batch_idx is 860
Client 0 finished! Wait! It took 13.435555458068848
Client 0, submit!, batch_idx is 861
Client 0 finished! Wait! It took 13.43103551864624
Client 0, submit!, batch_idx is 862
Client 0 finished! Wait! It took 13.462637662887573
Client 0, submit!, batch_idx is 863
Client 0 finished! Wait! It took 13.489655494689941
Client 0, submit!, batch_idx is 864
Client 0 finished! Wait! It took 13.522794485092163
Client 0, submit!, batch_idx is 865
Client 0 finished! Wait! It took 13.557802677154541
Client 0, submit!, batch_idx is 866
Client 0 finished! Wait! It took 13.580489873886108
Client 0, submit!, batch_idx is 867
Client 0 finished! Wait! It took 13.629220485687256
Client 0, submit!, batch_idx is 868
Client 0 finished! Wait! It took 13.676625490188599
Client 0, submit!, batch_idx is 869
Client 0 finished! Wait! It took 13.653104305267334
Client 0, submit!, batch_idx is 870
Client 0 finished! Wait! It took 13.591740608215332
Client 0, submit!, batch_idx is 871
Client 0 finished! Wait! It took 13.62859320640564
Client 0, submit!, batch_idx is 872
Client 0 finished! Wait! It took 13.671235799789429
Client 0, submit!, batch_idx is 873
Client 0 finished! Wait! It took 13.685363292694092
Client 0, submit!, batch_idx is 874
Client 0 finished! Wait! It took 13.719864130020142
Client 0, submit!, batch_idx is 875
Client 0 finished! Wait! It took 13.774142742156982
Client 0, submit!, batch_idx is 876
Client 0 finished! Wait! It took 13.822843790054321
Client 0, submit!, batch_idx is 877
Client 0 finished! Wait! It took 13.828341007232666
Client 0, submit!, batch_idx is 878
Client 0 finished! Wait! It took 13.842068672180176
Client 0, submit!, batch_idx is 879
Client 0 finished! Wait! It took 13.896219730377197
Client 0, submit!, batch_idx is 880
Client 0 finished! Wait! It took 13.941477537155151
Client 0, submit!, batch_idx is 881
Client 0 finished! Wait! It took 13.986437559127808
Client 0, submit!, batch_idx is 882
Client 0 finished! Wait! It took 13.997061967849731
Client 0, submit!, batch_idx is 883
Client 0 finished! Wait! It took 14.051984548568726
Client 0, submit!, batch_idx is 884
Client 0 finished! Wait! It took 14.104315280914307
Client 0, submit!, batch_idx is 885
Client 0 finished! Wait! It took 14.095418214797974
Client 0, submit!, batch_idx is 886
Client 0 finished! Wait! It took 14.143045425415039
Client 0, submit!, batch_idx is 887
Client 0 finished! Wait! It took 14.156002044677734
Client 0, submit!, batch_idx is 888
Client 0 finished! Wait! It took 14.20037031173706
Client 0, submit!, batch_idx is 889
Client 0 finished! Wait! It took 14.251923084259033
Client 0, submit!, batch_idx is 890
Client 0 finished! Wait! It took 14.297430992126465
Client 0, submit!, batch_idx is 891
Client 0 finished! Wait! It took 14.3030104637146
Client 0, submit!, batch_idx is 892
Client 0 finished! Wait! It took 14.281850099563599
Client 0, submit!, batch_idx is 893
Client 0 finished! Wait! It took 14.266181468963623
Client 0, submit!, batch_idx is 894
Client 0 finished! Wait! It took 14.30140495300293
Client 0, submit!, batch_idx is 895
Client 0 finished! Wait! It took 14.312503337860107
Client 0, submit!, batch_idx is 896
Client 0 finished! Wait! It took 14.358746767044067
Client 0, submit!, batch_idx is 897
Client 0 finished! Wait! It took 14.400294780731201
Client 0, submit!, batch_idx is 898
Client 0 finished! Wait! It took 14.364880561828613
Client 0, submit!, batch_idx is 899
Client 0 finished! Wait! It took 14.419811964035034
Client 0, submit!, batch_idx is 900
Client 0 finished! Wait! It took 14.471625566482544
Client 0, submit!, batch_idx is 901
Client 0 finished! Wait! It took 14.517585754394531
Client 0, submit!, batch_idx is 902
Client 0 finished! Wait! It took 14.571995496749878
Client 0, submit!, batch_idx is 903
Client 0 finished! Wait! It took 14.619205713272095
Client 0, submit!, batch_idx is 904
Client 0 finished! Wait! It took 14.639484643936157
Client 0, submit!, batch_idx is 905
Client 0 finished! Wait! It took 14.673064708709717
Client 0, submit!, batch_idx is 906
Client 0 finished! Wait! It took 14.638998031616211
Client 0, submit!, batch_idx is 907
Client 0 finished! Wait! It took 14.62643313407898
Client 0, submit!, batch_idx is 908
Client 0 finished! Wait! It took 14.6653892993927
Client 0, submit!, batch_idx is 909
Client 0 finished! Wait! It took 14.710122346878052
Client 0, submit!, batch_idx is 910
Client 0 finished! Wait! It took 14.747721672058105
Client 0, submit!, batch_idx is 911
Client 0 finished! Wait! It took 14.76766061782837
Client 0, submit!, batch_idx is 912
Client 0 finished! Wait! It took 14.810602903366089
Client 0, submit!, batch_idx is 913
Client 0 finished! Wait! It took 14.826887607574463
Client 0, submit!, batch_idx is 914
Client 0 finished! Wait! It took 14.861032247543335
Client 0, submit!, batch_idx is 915
Client 0 finished! Wait! It took 14.88437271118164
Client 0, submit!, batch_idx is 916
Client 0 finished! Wait! It took 14.9168701171875
Client 0, submit!, batch_idx is 917
Client 0 finished! Wait! It took 14.958169221878052
Client 0, submit!, batch_idx is 918
Client 0 finished! Wait! It took 14.895015001296997
Client 0, submit!, batch_idx is 919
Client 0 finished! Wait! It took 14.892833948135376
Client 0, submit!, batch_idx is 920
Client 0 finished! Wait! It took 14.942056655883789
Client 0, submit!, batch_idx is 921
Client 0 finished! Wait! It took 14.916393280029297
Client 0, submit!, batch_idx is 922
Client 0 finished! Wait! It took 14.945106744766235
Client 0, submit!, batch_idx is 923
Client 0 finished! Wait! It took 14.910569906234741
Client 0, submit!, batch_idx is 924
Client 0 finished! Wait! It took 14.901681661605835
Client 0, submit!, batch_idx is 925
Client 0 finished! Wait! It took 14.934983968734741
Client 0, submit!, batch_idx is 926
Client 0 finished! Wait! It took 14.989696741104126
Client 0, submit!, batch_idx is 927
Client 0 finished! Wait! It took 15.032419919967651
Client 0, submit!, batch_idx is 928
Client 0 finished! Wait! It took 15.05674409866333
Client 0, submit!, batch_idx is 929
Client 0 finished! Wait! It took 15.073508977890015
Client 0, submit!, batch_idx is 930
Client 0 finished! Wait! It took 15.118184328079224
Client 0, submit!, batch_idx is 931
Client 0 finished! Wait! It took 15.169079065322876
Client 0, submit!, batch_idx is 932
Client 0 finished! Wait! It took 15.153721809387207
Client 0, submit!, batch_idx is 933
Client 0 finished! Wait! It took 15.042553186416626
Client 0, submit!, batch_idx is 934
Client 0 finished! Wait! It took 15.068153858184814
Client 0, submit!, batch_idx is 935
Client 0 finished! Wait! It took 15.115835905075073
Client 0, submit!, batch_idx is 936
Client 0 finished! Wait! It took 15.158579349517822
Client 0, submit!, batch_idx is 937
Client 0 finished! Wait! It took 15.213286638259888
Client 0, submit!, batch_idx is 938
Client 0 finished! Wait! It took 15.170589447021484
Client 0, submit!, batch_idx is 939
Client 0 finished! Wait! It took 15.220992088317871
Client 0, submit!, batch_idx is 940
Client 0 finished! Wait! It took 15.2421293258667
Client 0, submit!, batch_idx is 941
Client 0 finished! Wait! It took 15.284841537475586
Client 0, submit!, batch_idx is 942
Client 0 finished! Wait! It took 15.309154033660889
Client 0, submit!, batch_idx is 943
Client 0 finished! Wait! It took 15.322454690933228
Client 0, submit!, batch_idx is 944
Client 0 finished! Wait! It took 15.306936979293823
Client 0, submit!, batch_idx is 945
Client 0 finished! Wait! It took 15.353288650512695
Client 0, submit!, batch_idx is 946
Client 0 finished! Wait! It took 15.408332347869873
Client 0, submit!, batch_idx is 947
Client 0 finished! Wait! It took 15.457908868789673
Client 0, submit!, batch_idx is 948
Client 0 finished! Wait! It took 15.42099905014038
Client 0, submit!, batch_idx is 949
Client 0 finished! Wait! It took 15.393452882766724
Client 0, submit!, batch_idx is 950
Client 0 finished! Wait! It took 15.412483930587769
Client 0, submit!, batch_idx is 951
Client 0 finished! Wait! It took 15.430999755859375
Client 0, submit!, batch_idx is 952
Client 0 finished! Wait! It took 15.44267749786377
Client 0, submit!, batch_idx is 953
Client 0 finished! Wait! It took 15.490369081497192
Client 0, submit!, batch_idx is 954
Client 0 finished! Wait! It took 15.447255849838257
Client 0, submit!, batch_idx is 955
Client 0 finished! Wait! It took 15.481015682220459
Client 0, submit!, batch_idx is 956
Client 0 finished! Wait! It took 15.517204999923706
Client 0, submit!, batch_idx is 957
Client 0 finished! Wait! It took 15.543197870254517
Client 0, submit!, batch_idx is 958
Client 0 finished! Wait! It took 15.59673023223877
Client 0, submit!, batch_idx is 959
Client 0 finished! Wait! It took 15.644918203353882
Client 0, submit!, batch_idx is 960
Client 0 finished! Wait! It took 15.646758794784546
Client 0, submit!, batch_idx is 961
Client 0 finished! Wait! It took 15.6987624168396
Client 0, submit!, batch_idx is 962
Client 0 finished! Wait! It took 15.717237710952759
Client 0, submit!, batch_idx is 963
Client 0 finished! Wait! It took 15.761422634124756
Client 0, submit!, batch_idx is 964
Client 0 finished! Wait! It took 15.796939134597778
Client 0, submit!, batch_idx is 965
Client 0 finished! Wait! It took 15.838557481765747
Client 0, submit!, batch_idx is 966
Client 0 finished! Wait! It took 15.876427412033081
Client 0, submit!, batch_idx is 967
Client 0 finished! Wait! It took 15.881224870681763
Client 0, submit!, batch_idx is 968
Client 0 finished! Wait! It took 15.922582864761353
Client 0, submit!, batch_idx is 969
Client 0 finished! Wait! It took 15.944581270217896
Client 0, submit!, batch_idx is 970
Client 0 finished! Wait! It took 15.973926305770874
Client 0, submit!, batch_idx is 971
Client 0 finished! Wait! It took 15.986048698425293
Client 0, submit!, batch_idx is 972
Client 0 finished! Wait! It took 15.932165145874023
Client 0, submit!, batch_idx is 973
Client 0 finished! Wait! It took 15.936078071594238
Client 0, submit!, batch_idx is 974
Client 0 finished! Wait! It took 15.983644962310791
Client 0, submit!, batch_idx is 975
Client 0 finished! Wait! It took 16.038796424865723
Client 0, submit!, batch_idx is 976
Client 0 finished! Wait! It took 16.082136869430542
Client 0, submit!, batch_idx is 977
Client 0 finished! Wait! It took 16.101433038711548
Client 0, submit!, batch_idx is 978
Client 0 finished! Wait! It took 16.154905557632446
Client 0, submit!, batch_idx is 979
Client 0 finished! Wait! It took 16.182939529418945
Client 0, submit!, batch_idx is 980
Client 0 finished! Wait! It took 16.202048778533936
Client 0, submit!, batch_idx is 981
Client 0 finished! Wait! It took 16.24107074737549
Client 0, submit!, batch_idx is 982
Client 0 finished! Wait! It took 16.237560272216797
Client 0, submit!, batch_idx is 983
Client 0 finished! Wait! It took 16.288504362106323
Client 0, submit!, batch_idx is 984
Client 0 finished! Wait! It took 16.342389345169067
Client 0, submit!, batch_idx is 985
Client 0 finished! Wait! It took 16.34687042236328
Client 0, submit!, batch_idx is 986
Client 0 finished! Wait! It took 16.374767780303955
Client 0, submit!, batch_idx is 987
Client 0 finished! Wait! It took 16.383586645126343
Client 0, submit!, batch_idx is 988
Client 0 finished! Wait! It took 16.415985584259033
Client 0, submit!, batch_idx is 989
Client 0 finished! Wait! It took 16.4600989818573
Client 0, submit!, batch_idx is 990
Client 0 finished! Wait! It took 16.44714069366455
Client 0, submit!, batch_idx is 991
Client 0 finished! Wait! It took 16.438114404678345
Client 0, submit!, batch_idx is 992
Client 0 finished! Wait! It took 16.446150302886963
Client 0, submit!, batch_idx is 993
Client 0 finished! Wait! It took 16.48891019821167
Client 0, submit!, batch_idx is 994
Client 0 finished! Wait! It took 16.508817195892334
Client 0, submit!, batch_idx is 995
Client 0 finished! Wait! It took 16.546370029449463
Client 0, submit!, batch_idx is 996
Client 0 finished! Wait! It took 16.598032236099243
Client 0, submit!, batch_idx is 997
Client 0 finished! Wait! It took 16.553866147994995
Client 0, submit!, batch_idx is 998
Client 0 finished! Wait! It took 16.604587078094482
Client 0, submit!, batch_idx is 999
Client 0 finished! Wait! It took 16.540179014205933
Client 0, submit!, batch_idx is 1000
Client 0 finished! Wait! It took 16.572014570236206
Client 0, submit!, batch_idx is 1001
Client 0 finished! Wait! It took 16.619069576263428
Client 0, submit!, batch_idx is 1002
Client 0 finished! Wait! It took 16.643112897872925
Client 0, submit!, batch_idx is 1003
Client 0 finished! Wait! It took 16.616060256958008
Client 0, submit!, batch_idx is 1004
Client 0 finished! Wait! It took 16.618556022644043
Client 0, submit!, batch_idx is 1005
Client 0 finished! Wait! It took 16.60827660560608
Client 0, submit!, batch_idx is 1006
Client 0 finished! Wait! It took 16.62071442604065
Client 0, submit!, batch_idx is 1007
Client 0 finished! Wait! It took 16.628796100616455
Client 0, submit!, batch_idx is 1008
Client 0 finished! Wait! It took 16.608615159988403
Client 0, submit!, batch_idx is 1009
Client 0 finished! Wait! It took 16.65335512161255
Client 0, submit!, batch_idx is 1010
Client 0 finished! Wait! It took 16.683087587356567
Client 0, submit!, batch_idx is 1011
Client 0 finished! Wait! It took 16.7297625541687
Client 0, submit!, batch_idx is 1012
Client 0 finished! Wait! It took 16.609837770462036
Client 0, submit!, batch_idx is 1013
Client 0 finished! Wait! It took 16.5511531829834
Client 0, submit!, batch_idx is 1014
Client 0 finished! Wait! It took 16.605003595352173
Client 0, submit!, batch_idx is 1015
Client 0 finished! Wait! It took 16.611726999282837
Client 0, submit!, batch_idx is 1016
Client 0 finished! Wait! It took 16.563737392425537
Client 0, submit!, batch_idx is 1017
Client 0 finished! Wait! It took 16.61242651939392
Client 0, submit!, batch_idx is 1018
Client 0 finished! Wait! It took 16.634297847747803
Client 0, submit!, batch_idx is 1019
Client 0 finished! Wait! It took 16.591044902801514
Client 0, submit!, batch_idx is 1020
Client 0 finished! Wait! It took 16.64527177810669
Client 0, submit!, batch_idx is 1021
Client 0 finished! Wait! It took 16.65289807319641
Client 0, submit!, batch_idx is 1022
Client 0 finished! Wait! It took 16.69439125061035
Client 0, submit!, batch_idx is 1023
Client 0 finished! Wait! It took 16.64644956588745
Client 0, submit!, batch_idx is 1024
Client 0 finished! Wait! It took 16.560466051101685
Client 0, submit!, batch_idx is 1025
Client 0 finished! Wait! It took 16.501590728759766
Client 0, submit!, batch_idx is 1026
Client 0 finished! Wait! It took 16.53255009651184
Client 0, submit!, batch_idx is 1027
Client 0 finished! Wait! It took 16.508786916732788
Client 0, submit!, batch_idx is 1028
Client 0 finished! Wait! It took 16.490238428115845
Client 0, submit!, batch_idx is 1029
Client 0 finished! Wait! It took 16.531539916992188
Client 0, submit!, batch_idx is 1030
Client 0 finished! Wait! It took 16.51640009880066
Client 0, submit!, batch_idx is 1031
Client 0 finished! Wait! It took 16.57015299797058
Client 0, submit!, batch_idx is 1032
Client 0 finished! Wait! It took 16.589580535888672
Client 0, submit!, batch_idx is 1033
Client 0 finished! Wait! It took 16.63604235649109
Client 0, submit!, batch_idx is 1034
Client 0 finished! Wait! It took 16.687537908554077
Client 0, submit!, batch_idx is 1035
Client 0 finished! Wait! It took 16.73985004425049
Client 0, submit!, batch_idx is 1036
Client 0 finished! Wait! It took 16.747443199157715
Client 0, submit!, batch_idx is 1037
Client 0 finished! Wait! It took 16.786277294158936
Client 0, submit!, batch_idx is 1038
Client 0 finished! Wait! It took 16.790139198303223
Client 0, submit!, batch_idx is 1039
Client 0 finished! Wait! It took 16.84289526939392
Client 0, submit!, batch_idx is 1040
Client 0 finished! Wait! It took 16.88319730758667
Client 0, submit!, batch_idx is 1041
Client 0 finished! Wait! It took 16.907612085342407
Client 0, submit!, batch_idx is 1042
Client 0 finished! Wait! It took 16.900475025177002
Client 0, submit!, batch_idx is 1043
Client 0 finished! Wait! It took 16.940720796585083
Client 0, submit!, batch_idx is 1044
Client 0 finished! Wait! It took 16.956712245941162
Client 0, submit!, batch_idx is 1045
Client 0 finished! Wait! It took 16.925295114517212
Client 0, submit!, batch_idx is 1046
Client 0 finished! Wait! It took 16.94222664833069
Client 0, submit!, batch_idx is 1047
Client 0 finished! Wait! It took 16.98703908920288
Client 0, submit!, batch_idx is 1048
Client 0 finished! Wait! It took 17.0414822101593
Client 0, submit!, batch_idx is 1049
Client 0 finished! Wait! It took 17.015459299087524
Client 0, submit!, batch_idx is 1050
Client 0 finished! Wait! It took 17.07006335258484
Client 0, submit!, batch_idx is 1051
Client 0 finished! Wait! It took 17.042451858520508
Client 0, submit!, batch_idx is 1052
Client 0 finished! Wait! It took 17.067922830581665
Client 0, submit!, batch_idx is 1053
Client 0 finished! Wait! It took 17.01145911216736
Client 0, submit!, batch_idx is 1054
Client 0 finished! Wait! It took 17.002913236618042
Client 0, submit!, batch_idx is 1055
Client 0 finished! Wait! It took 16.81108069419861
Client 0, submit!, batch_idx is 1056
Client 0 finished! Wait! It took 16.849226474761963
Client 0, submit!, batch_idx is 1057
Client 0 finished! Wait! It took 16.846156120300293
Client 0, submit!, batch_idx is 1058
Client 0 finished! Wait! It took 16.881072998046875
Client 0, submit!, batch_idx is 1059
Client 0 finished! Wait! It took 16.91066026687622
Client 0, submit!, batch_idx is 1060
Client 0 finished! Wait! It took 16.926766872406006
Client 0, submit!, batch_idx is 1061
Client 0 finished! Wait! It took 16.899450302124023
Client 0, submit!, batch_idx is 1062
Client 0 finished! Wait! It took 16.789456367492676
Client 0, submit!, batch_idx is 1063
Client 0 finished! Wait! It took 16.786712646484375
Client 0, submit!, batch_idx is 1064
Client 0 finished! Wait! It took 16.822024822235107
Client 0, submit!, batch_idx is 1065
Client 0 finished! Wait! It took 16.857046604156494
Client 0, submit!, batch_idx is 1066
Client 0 finished! Wait! It took 16.86023259162903
Client 0, submit!, batch_idx is 1067
Client 0 finished! Wait! It took 16.90488862991333
Client 0, submit!, batch_idx is 1068
Client 0 finished! Wait! It took 16.95580005645752
Client 0, submit!, batch_idx is 1069
Client 0 finished! Wait! It took 16.9937424659729
Client 0, submit!, batch_idx is 1070
Client 0 finished! Wait! It took 17.03568959236145
Client 0, submit!, batch_idx is 1071
Client 0 finished! Wait! It took 17.07707452774048
Client 0, submit!, batch_idx is 1072
Client 0 finished! Wait! It took 17.12191081047058
Client 0, submit!, batch_idx is 1073
Client 0 finished! Wait! It took 17.176578521728516
Client 0, submit!, batch_idx is 1074
Client 0 finished! Wait! It took 17.231335878372192
Client 0, submit!, batch_idx is 1075
Client 0 finished! Wait! It took 17.11080312728882
Client 0, submit!, batch_idx is 1076
Client 0 finished! Wait! It took 17.144071578979492
Client 0, submit!, batch_idx is 1077
Client 0 finished! Wait! It took 17.18012809753418
Client 0, submit!, batch_idx is 1078
Client 0 finished! Wait! It took 17.190035581588745
Client 0, submit!, batch_idx is 1079
Client 0 finished! Wait! It took 17.235637664794922
Client 0, submit!, batch_idx is 1080
Client 0 finished! Wait! It took 17.171587228775024
Client 0, submit!, batch_idx is 1081
Client 0 finished! Wait! It took 17.166468381881714
Client 0, submit!, batch_idx is 1082
Client 0 finished! Wait! It took 17.218164920806885
Client 0, submit!, batch_idx is 1083
Client 0 finished! Wait! It took 17.252047777175903
Client 0, submit!, batch_idx is 1084
Client 0 finished! Wait! It took 17.22281765937805
Client 0, submit!, batch_idx is 1085
Client 0 finished! Wait! It took 17.16246247291565
Client 0, submit!, batch_idx is 1086
Client 0 finished! Wait! It took 17.19287109375
Client 0, submit!, batch_idx is 1087
Client 0 finished! Wait! It took 17.210331678390503
Client 0, submit!, batch_idx is 1088
Client 0 finished! Wait! It took 17.258729696273804
Client 0, submit!, batch_idx is 1089
Client 0 finished! Wait! It took 17.12518048286438
Client 0, submit!, batch_idx is 1090
Client 0 finished! Wait! It took 17.170055627822876
Client 0, submit!, batch_idx is 1091
Client 0 finished! Wait! It took 17.111515522003174
Client 0, submit!, batch_idx is 1092
Client 0 finished! Wait! It took 17.12648057937622
Client 0, submit!, batch_idx is 1093
Client 0 finished! Wait! It took 17.145748376846313
Client 0, submit!, batch_idx is 1094
Client 0 finished! Wait! It took 17.172595500946045
Client 0, submit!, batch_idx is 1095
Client 0 finished! Wait! It took 17.21757411956787
Client 0, submit!, batch_idx is 1096
Client 0 finished! Wait! It took 17.265456438064575
Client 0, submit!, batch_idx is 1097
Client 0 finished! Wait! It took 17.310835361480713
Client 0, submit!, batch_idx is 1098
Client 0 finished! Wait! It took 17.35805106163025
Client 0, submit!, batch_idx is 1099
Client 0 finished! Wait! It took 17.353156328201294
Client 0, submit!, batch_idx is 1100
Client 0 finished! Wait! It took 17.39138436317444
Client 0, submit!, batch_idx is 1101
Client 0 finished! Wait! It took 17.444419622421265
Client 0, submit!, batch_idx is 1102
Client 0 finished! Wait! It took 17.36092257499695
Client 0, submit!, batch_idx is 1103
Client 0 finished! Wait! It took 17.330294609069824
Client 0, submit!, batch_idx is 1104
Client 0 finished! Wait! It took 17.281031370162964
Client 0, submit!, batch_idx is 1105
Client 0 finished! Wait! It took 17.12614369392395
Client 0, submit!, batch_idx is 1106
Client 0 finished! Wait! It took 17.173962831497192
Client 0, submit!, batch_idx is 1107
Client 0 finished! Wait! It took 17.20924997329712
Client 0, submit!, batch_idx is 1108
Client 0 finished! Wait! It took 17.20790982246399
Client 0, submit!, batch_idx is 1109
Client 0 finished! Wait! It took 17.21574378013611
Client 0, submit!, batch_idx is 1110
Client 0 finished! Wait! It took 17.264653205871582
Client 0, submit!, batch_idx is 1111
Client 0 finished! Wait! It took 17.252531051635742
Client 0, submit!, batch_idx is 1112
Client 0 finished! Wait! It took 17.297863245010376
Client 0, submit!, batch_idx is 1113
Client 0 finished! Wait! It took 17.34312343597412
Client 0, submit!, batch_idx is 1114
Client 0 finished! Wait! It took 17.368054628372192
Client 0, submit!, batch_idx is 1115
Client 0 finished! Wait! It took 17.387571573257446
Client 0, submit!, batch_idx is 1116
Client 0 finished! Wait! It took 17.408304452896118
Client 0, submit!, batch_idx is 1117
Client 0 finished! Wait! It took 17.459914922714233
Client 0, submit!, batch_idx is 1118
Client 0 finished! Wait! It took 17.43153190612793
Client 0, submit!, batch_idx is 1119
Client 0 finished! Wait! It took 17.474651336669922
Client 0, submit!, batch_idx is 1120
Client 0 finished! Wait! It took 17.524607181549072
Client 0, submit!, batch_idx is 1121
Client 0 finished! Wait! It took 17.49238419532776
Client 0, submit!, batch_idx is 1122
Client 0 finished! Wait! It took 17.42321014404297
Client 0, submit!, batch_idx is 1123
Client 0 finished! Wait! It took 17.399542808532715
Client 0, submit!, batch_idx is 1124
Client 0 finished! Wait! It took 17.388654947280884
Client 0, submit!, batch_idx is 1125
Client 0 finished! Wait! It took 17.40174913406372
Client 0, submit!, batch_idx is 1126
Client 0 finished! Wait! It took 17.425028562545776
Client 0, submit!, batch_idx is 1127
Client 0 finished! Wait! It took 17.476827383041382
Client 0, submit!, batch_idx is 1128
Client 0 finished! Wait! It took 17.51127004623413
Client 0, submit!, batch_idx is 1129
Client 0 finished! Wait! It took 17.547879219055176
Client 0, submit!, batch_idx is 1130
Client 0 finished! Wait! It took 17.591305017471313
Client 0, submit!, batch_idx is 1131
Client 0 finished! Wait! It took 17.595367193222046
Client 0, submit!, batch_idx is 1132
Client 0 finished! Wait! It took 17.623464822769165
Client 0, submit!, batch_idx is 1133
Client 0 finished! Wait! It took 17.675515174865723
Client 0, submit!, batch_idx is 1134
Client 0 finished! Wait! It took 17.7211332321167
Client 0, submit!, batch_idx is 1135
Client 0 finished! Wait! It took 17.730610847473145
Client 0, submit!, batch_idx is 1136
Client 0 finished! Wait! It took 17.78302788734436
Client 0, submit!, batch_idx is 1137
Client 0 finished! Wait! It took 17.76241898536682
Client 0, submit!, batch_idx is 1138
Client 0 finished! Wait! It took 17.790542602539062
Client 0, submit!, batch_idx is 1139
Client 0 finished! Wait! It took 17.819804906845093
Client 0, submit!, batch_idx is 1140
Client 0 finished! Wait! It took 17.839597702026367
Client 0, submit!, batch_idx is 1141
Client 0 finished! Wait! It took 17.826387643814087
Client 0, submit!, batch_idx is 1142
Client 0 finished! Wait! It took 17.86456847190857
Client 0, submit!, batch_idx is 1143
Client 0 finished! Wait! It took 17.87471318244934
Client 0, submit!, batch_idx is 1144
Client 0 finished! Wait! It took 17.8969669342041
Client 0, submit!, batch_idx is 1145
Client 0 finished! Wait! It took 17.940018892288208
Client 0, submit!, batch_idx is 1146
Client 0 finished! Wait! It took 17.911113262176514
Client 0, submit!, batch_idx is 1147
Client 0 finished! Wait! It took 17.902844667434692
Client 0, submit!, batch_idx is 1148
Client 0 finished! Wait! It took 17.91533064842224
Client 0, submit!, batch_idx is 1149
Client 0 finished! Wait! It took 17.89480757713318
Client 0, submit!, batch_idx is 1150
Client 0 finished! Wait! It took 17.86953592300415
Client 0, submit!, batch_idx is 1151
Client 0 finished! Wait! It took 17.877159595489502
Client 0, submit!, batch_idx is 1152
Client 0 finished! Wait! It took 17.86154294013977
Client 0, submit!, batch_idx is 1153
Client 0 finished! Wait! It took 17.870351552963257
Client 0, submit!, batch_idx is 1154
Client 0 finished! Wait! It took 17.88053035736084
Client 0, submit!, batch_idx is 1155
Client 0 finished! Wait! It took 17.897287130355835
Client 0, submit!, batch_idx is 1156
Client 0 finished! Wait! It took 17.89685320854187
Client 0, submit!, batch_idx is 1157
Client 0 finished! Wait! It took 17.94551682472229
Client 0, submit!, batch_idx is 1158
Client 0 finished! Wait! It took 17.915982246398926
Client 0, submit!, batch_idx is 1159
Client 0 finished! Wait! It took 17.889263153076172
Client 0, submit!, batch_idx is 1160
Client 0 finished! Wait! It took 17.94368076324463
Client 0, submit!, batch_idx is 1161
Client 0 finished! Wait! It took 17.929243326187134
Client 0, submit!, batch_idx is 1162
Client 0 finished! Wait! It took 17.979394912719727
Client 0, submit!, batch_idx is 1163
Client 0 finished! Wait! It took 18.01867938041687
Client 0, submit!, batch_idx is 1164
Client 0 finished! Wait! It took 18.019684553146362
Client 0, submit!, batch_idx is 1165
Client 0 finished! Wait! It took 18.068464994430542
Client 0, submit!, batch_idx is 1166
Client 0 finished! Wait! It took 18.0567889213562
Client 0, submit!, batch_idx is 1167
Client 0 finished! Wait! It took 18.040865182876587
Client 0, submit!, batch_idx is 1168
Client 0 finished! Wait! It took 18.06814694404602
Client 0, submit!, batch_idx is 1169
Client 0 finished! Wait! It took 18.123377799987793
Client 0, submit!, batch_idx is 1170
Client 0 finished! Wait! It took 18.165050506591797
Client 0, submit!, batch_idx is 1171
Client 0 finished! Wait! It took 18.181881189346313
Client 0, submit!, batch_idx is 1172
Client 0 finished! Wait! It took 18.078418254852295
Client 0, submit!, batch_idx is 1173
Client 0 finished! Wait! It took 18.09406089782715
Client 0, submit!, batch_idx is 1174
Client 0 finished! Wait! It took 18.137478828430176
Client 0, submit!, batch_idx is 1175
Client 0 finished! Wait! It took 18.15273356437683
Client 0, submit!, batch_idx is 1176
Client 0 finished! Wait! It took 18.177268743515015
Client 0, submit!, batch_idx is 1177
Client 0 finished! Wait! It took 18.172203302383423
Client 0, submit!, batch_idx is 1178
Client 0 finished! Wait! It took 18.223293781280518
Client 0, submit!, batch_idx is 1179
Client 0 finished! Wait! It took 18.221343278884888
Client 0, submit!, batch_idx is 1180
Client 0 finished! Wait! It took 18.245901107788086
Client 0, submit!, batch_idx is 1181
Client 0 finished! Wait! It took 18.170708894729614
Client 0, submit!, batch_idx is 1182
Client 0 finished! Wait! It took 18.209552526474
Client 0, submit!, batch_idx is 1183
Client 0 finished! Wait! It took 18.225200414657593
Client 0, submit!, batch_idx is 1184
Client 0 finished! Wait! It took 18.1729736328125
Client 0, submit!, batch_idx is 1185
Client 0 finished! Wait! It took 18.22410774230957
Client 0, submit!, batch_idx is 1186
Client 0 finished! Wait! It took 18.16888666152954
Client 0, submit!, batch_idx is 1187
Client 0 finished! Wait! It took 18.177552461624146
Client 0, submit!, batch_idx is 1188
Client 0 finished! Wait! It took 18.230196237564087
Client 0, submit!, batch_idx is 1189
Client 0 finished! Wait! It took 18.271465301513672
Client 0, submit!, batch_idx is 1190
Client 0 finished! Wait! It took 18.27765727043152
Client 0, submit!, batch_idx is 1191
Client 0 finished! Wait! It took 18.330349922180176
Client 0, submit!, batch_idx is 1192
Client 0 finished! Wait! It took 18.351024389266968
Client 0, submit!, batch_idx is 1193
Client 0 finished! Wait! It took 18.3895046710968
Client 0, submit!, batch_idx is 1194
Client 0 finished! Wait! It took 18.40630054473877
Client 0, submit!, batch_idx is 1195
Client 0 finished! Wait! It took 18.460012674331665
Client 0, submit!, batch_idx is 1196
Client 0 finished! Wait! It took 18.433375597000122
Client 0, submit!, batch_idx is 1197
Client 0 finished! Wait! It took 18.34362244606018
Client 0, submit!, batch_idx is 1198
Client 0 finished! Wait! It took 18.260669469833374
Client 0, submit!, batch_idx is 1199
Client 0 finished! Wait! It took 18.262123107910156
Client 0, submit!, batch_idx is 1200
Client 0 finished! Wait! It took 18.31316304206848
Client 0, submit!, batch_idx is 1201
Client 0 finished! Wait! It took 18.31182837486267
Client 0, submit!, batch_idx is 1202
Client 0 finished! Wait! It took 18.366416454315186
Client 0, submit!, batch_idx is 1203
Client 0 finished! Wait! It took 18.421213626861572
Client 0, submit!, batch_idx is 1204
Client 0 finished! Wait! It took 18.461286783218384
Client 0, submit!, batch_idx is 1205
Client 0 finished! Wait! It took 18.490067958831787
Client 0, submit!, batch_idx is 1206
Client 0 finished! Wait! It took 18.486690044403076
Client 0, submit!, batch_idx is 1207
Client 0 finished! Wait! It took 18.49618101119995
Client 0, submit!, batch_idx is 1208
Client 0 finished! Wait! It took 18.52820348739624
Client 0, submit!, batch_idx is 1209
Client 0 finished! Wait! It took 18.571166038513184
Client 0, submit!, batch_idx is 1210
Client 0 finished! Wait! It took 18.393789529800415
Client 0, submit!, batch_idx is 1211
Client 0 finished! Wait! It took 18.427005529403687
Client 0, submit!, batch_idx is 1212
Client 0 finished! Wait! It took 18.458487033843994
Client 0, submit!, batch_idx is 1213
Client 0 finished! Wait! It took 18.50714612007141
Client 0, submit!, batch_idx is 1214
Client 0 finished! Wait! It took 18.4994158744812
Client 0, submit!, batch_idx is 1215
Client 0 finished! Wait! It took 18.507530689239502
Client 0, submit!, batch_idx is 1216
Client 0 finished! Wait! It took 18.553120851516724
Client 0, submit!, batch_idx is 1217
Client 0 finished! Wait! It took 18.605387210845947
Client 0, submit!, batch_idx is 1218
Client 0 finished! Wait! It took 18.616406679153442
Client 0, submit!, batch_idx is 1219
Client 0 finished! Wait! It took 18.629324674606323
Client 0, submit!, batch_idx is 1220
Client 0 finished! Wait! It took 18.67204737663269
Client 0, submit!, batch_idx is 1221
Client 0 finished! Wait! It took 18.607141494750977
Client 0, submit!, batch_idx is 1222
Client 0 finished! Wait! It took 18.65604591369629
Client 0, submit!, batch_idx is 1223
Client 0 finished! Wait! It took 18.688976526260376
Client 0, submit!, batch_idx is 1224
Client 0 finished! Wait! It took 18.629525184631348
Client 0, submit!, batch_idx is 1225
Client 0 finished! Wait! It took 18.663187503814697
Client 0, submit!, batch_idx is 1226
Client 0 finished! Wait! It took 18.67837953567505
Client 0, submit!, batch_idx is 1227
Client 0 finished! Wait! It took 18.715046167373657
Client 0, submit!, batch_idx is 1228
Client 0 finished! Wait! It took 18.75898027420044
Client 0, submit!, batch_idx is 1229
Client 0 finished! Wait! It took 18.648871421813965
Client 0, submit!, batch_idx is 1230
Client 0 finished! Wait! It took 18.683294534683228
Client 0, submit!, batch_idx is 1231
Client 0 finished! Wait! It took 18.649040699005127
Client 0, submit!, batch_idx is 1232
Client 0 finished! Wait! It took 18.694010734558105
Client 0, submit!, batch_idx is 1233
Client 0 finished! Wait! It took 18.74013352394104
Client 0, submit!, batch_idx is 1234
Client 0 finished! Wait! It took 18.794435262680054
Client 0, submit!, batch_idx is 1235
Client 0 finished! Wait! It took 18.809188842773438
Client 0, submit!, batch_idx is 1236
Client 0 finished! Wait! It took 18.847480535507202
Client 0, submit!, batch_idx is 1237
Client 0 finished! Wait! It took 18.823118925094604
Client 0, submit!, batch_idx is 1238
Client 0 finished! Wait! It took 18.85410475730896
Client 0, submit!, batch_idx is 1239
Client 0 finished! Wait! It took 18.77181577682495
Client 0, submit!, batch_idx is 1240
Client 0 finished! Wait! It took 18.819081783294678
Client 0, submit!, batch_idx is 1241
Client 0 finished! Wait! It took 18.79315495491028
Client 0, submit!, batch_idx is 1242
Client 0 finished! Wait! It took 18.788742065429688
Client 0, submit!, batch_idx is 1243
Client 0 finished! Wait! It took 18.785255432128906
Client 0, submit!, batch_idx is 1244
Client 0 finished! Wait! It took 18.766616582870483
Client 0, submit!, batch_idx is 1245
Client 0 finished! Wait! It took 18.76599097251892
Client 0, submit!, batch_idx is 1246
Client 0 finished! Wait! It took 18.782344341278076
Client 0, submit!, batch_idx is 1247
Client 0 finished! Wait! It took 18.83230185508728
Client 0, submit!, batch_idx is 1248
Client 0 finished! Wait! It took 18.886476039886475
Client 0, submit!, batch_idx is 1249
Client 0 finished! Wait! It took 18.84062433242798
Client 0, submit!, batch_idx is 1250
Client 0 finished! Wait! It took 18.85791015625
Client 0, submit!, batch_idx is 1251
Client 0 finished! Wait! It took 18.84965968132019
Client 0, submit!, batch_idx is 1252
Client 0 finished! Wait! It took 18.87899947166443
Client 0, submit!, batch_idx is 1253
Client 0 finished! Wait! It took 18.92948031425476
Client 0, submit!, batch_idx is 1254
Client 0 finished! Wait! It took 18.980068922042847
Client 0, submit!, batch_idx is 1255
Client 0 finished! Wait! It took 18.990172863006592
Client 0, submit!, batch_idx is 1256
Client 0 finished! Wait! It took 19.023132801055908
Client 0, submit!, batch_idx is 1257
Client 0 finished! Wait! It took 19.069815158843994
Client 0, submit!, batch_idx is 1258
Client 0 finished! Wait! It took 19.098089456558228
Client 0, submit!, batch_idx is 1259
Client 0 finished! Wait! It took 19.150930881500244
Client 0, submit!, batch_idx is 1260
Client 0 finished! Wait! It took 19.17164659500122
Client 0, submit!, batch_idx is 1261
Client 0 finished! Wait! It took 19.214775800704956
Client 0, submit!, batch_idx is 1262
Client 0 finished! Wait! It took 19.20660161972046
Client 0, submit!, batch_idx is 1263
Client 0 finished! Wait! It took 19.247339010238647
Client 0, submit!, batch_idx is 1264
Client 0 finished! Wait! It took 19.27851366996765
Client 0, submit!, batch_idx is 1265
Client 0 finished! Wait! It took 19.333667993545532
Client 0, submit!, batch_idx is 1266
Client 0 finished! Wait! It took 19.38623571395874
Client 0, submit!, batch_idx is 1267
Client 0 finished! Wait! It took 19.422019958496094
Client 0, submit!, batch_idx is 1268
Client 0 finished! Wait! It took 19.451489686965942
Client 0, submit!, batch_idx is 1269
Client 0 finished! Wait! It took 19.470274925231934
Client 0, submit!, batch_idx is 1270
Client 0 finished! Wait! It took 19.512227535247803
Client 0, submit!, batch_idx is 1271
Client 0 finished! Wait! It took 19.520325422286987
Client 0, submit!, batch_idx is 1272
Client 0 finished! Wait! It took 19.497366428375244
Client 0, submit!, batch_idx is 1273
Client 0 finished! Wait! It took 19.493545293807983
Client 0, submit!, batch_idx is 1274
Client 0 finished! Wait! It took 19.547669887542725
Client 0, submit!, batch_idx is 1275
Client 0 finished! Wait! It took 19.578386068344116
Client 0, submit!, batch_idx is 1276
Client 0 finished! Wait! It took 19.630288124084473
Client 0, submit!, batch_idx is 1277
Client 0 finished! Wait! It took 19.67530918121338
Client 0, submit!, batch_idx is 1278
Client 0 finished! Wait! It took 19.559534072875977
Client 0, submit!, batch_idx is 1279
Client 0 finished! Wait! It took 19.60987377166748
Client 0, submit!, batch_idx is 1280
Client 0 finished! Wait! It took 19.637702703475952
Client 0, submit!, batch_idx is 1281
Client 0 finished! Wait! It took 19.65478801727295
Client 0, submit!, batch_idx is 1282
Client 0 finished! Wait! It took 19.66173791885376
Client 0, submit!, batch_idx is 1283
Client 0 finished! Wait! It took 19.68416666984558
Client 0, submit!, batch_idx is 1284
Client 0 finished! Wait! It took 19.739032983779907
Client 0, submit!, batch_idx is 1285
Client 0 finished! Wait! It took 19.778989791870117
Client 0, submit!, batch_idx is 1286
Client 0 finished! Wait! It took 19.80678129196167
Client 0, submit!, batch_idx is 1287
Client 0 finished! Wait! It took 19.859694719314575
Client 0, submit!, batch_idx is 1288
Client 0 finished! Wait! It took 19.897939682006836
Client 0, submit!, batch_idx is 1289
Client 0 finished! Wait! It took 19.95292615890503
Client 0, submit!, batch_idx is 1290
Client 0 finished! Wait! It took 20.005125999450684
Client 0, submit!, batch_idx is 1291
Client 0 finished! Wait! It took 20.04055643081665
Client 0, submit!, batch_idx is 1292
Client 0 finished! Wait! It took 20.090513944625854
Client 0, submit!, batch_idx is 1293
Client 0 finished! Wait! It took 20.112685203552246
Client 0, submit!, batch_idx is 1294
Client 0 finished! Wait! It took 20.12148642539978
Client 0, submit!, batch_idx is 1295
Client 0 finished! Wait! It took 20.112751007080078
Client 0, submit!, batch_idx is 1296
Client 0 finished! Wait! It took 20.159499645233154
Client 0, submit!, batch_idx is 1297
Client 0 finished! Wait! It took 20.207648754119873
Client 0, submit!, batch_idx is 1298
Client 0 finished! Wait! It took 20.258830070495605
Client 0, submit!, batch_idx is 1299
Client 0 finished! Wait! It took 20.273838996887207
Client 0, submit!, batch_idx is 1300
Client 0 finished! Wait! It took 20.280277013778687
Client 0, submit!, batch_idx is 1301
Client 0 finished! Wait! It took 20.334458112716675
Client 0, submit!, batch_idx is 1302
Client 0 finished! Wait! It took 20.280275583267212
Client 0, submit!, batch_idx is 1303
Client 0 finished! Wait! It took 20.33383297920227
Client 0, submit!, batch_idx is 1304
Client 0 finished! Wait! It took 20.358520984649658
Client 0, submit!, batch_idx is 1305
Client 0 finished! Wait! It took 20.366044521331787
Client 0, submit!, batch_idx is 1306
Client 0 finished! Wait! It took 20.341022729873657
Client 0, submit!, batch_idx is 1307
Client 0 finished! Wait! It took 20.347569942474365
Client 0, submit!, batch_idx is 1308
Client 0 finished! Wait! It took 20.338730812072754
Client 0, submit!, batch_idx is 1309
Client 0 finished! Wait! It took 20.37894058227539
Client 0, submit!, batch_idx is 1310
Client 0 finished! Wait! It took 20.366740703582764
Client 0, submit!, batch_idx is 1311
Client 0 finished! Wait! It took 20.419099807739258
Client 0, submit!, batch_idx is 1312
Client 0 finished! Wait! It took 20.385706424713135
Client 0, submit!, batch_idx is 1313
Client 0 finished! Wait! It took 20.409417629241943
Client 0, submit!, batch_idx is 1314
Client 0 finished! Wait! It took 20.397409915924072
Client 0, submit!, batch_idx is 1315
Client 0 finished! Wait! It took 20.430087089538574
Client 0, submit!, batch_idx is 1316
Client 0 finished! Wait! It took 20.445518255233765
Client 0, submit!, batch_idx is 1317
Client 0 finished! Wait! It took 20.4712553024292
Client 0, submit!, batch_idx is 1318
Client 0 finished! Wait! It took 20.47425365447998
Client 0, submit!, batch_idx is 1319
Client 0 finished! Wait! It took 20.52657985687256
Client 0, submit!, batch_idx is 1320
Client 0 finished! Wait! It took 20.5797176361084
Client 0, submit!, batch_idx is 1321
Client 0 finished! Wait! It took 20.6238214969635
Client 0, submit!, batch_idx is 1322
Client 0 finished! Wait! It took 20.672379970550537
Client 0, submit!, batch_idx is 1323
Client 0 finished! Wait! It took 20.64582633972168
Client 0, submit!, batch_idx is 1324
Client 0 finished! Wait! It took 20.691407203674316
Client 0, submit!, batch_idx is 1325
Client 0 finished! Wait! It took 20.598064184188843
Client 0, submit!, batch_idx is 1326
Client 0 finished! Wait! It took 20.637129306793213
Client 0, submit!, batch_idx is 1327
Client 0 finished! Wait! It took 20.684813737869263
Client 0, submit!, batch_idx is 1328
Client 0 finished! Wait! It took 20.67801833152771
Client 0, submit!, batch_idx is 1329
Client 0 finished! Wait! It took 20.69073224067688
Client 0, submit!, batch_idx is 1330
Client 0 finished! Wait! It took 20.72014021873474
Client 0, submit!, batch_idx is 1331
Client 0 finished! Wait! It took 20.744200944900513
Client 0, submit!, batch_idx is 1332
Client 0 finished! Wait! It took 20.74915385246277
Client 0, submit!, batch_idx is 1333
Client 0 finished! Wait! It took 20.793978691101074
Client 0, submit!, batch_idx is 1334
Client 0 finished! Wait! It took 20.62509274482727
Client 0, submit!, batch_idx is 1335
Client 0 finished! Wait! It took 20.533336877822876
Client 0, submit!, batch_idx is 1336
Client 0 finished! Wait! It took 20.54691243171692
Client 0, submit!, batch_idx is 1337
Client 0 finished! Wait! It took 20.59347438812256
Client 0, submit!, batch_idx is 1338
Client 0 finished! Wait! It took 20.603492498397827
Client 0, submit!, batch_idx is 1339
Client 0 finished! Wait! It took 20.65580105781555
Client 0, submit!, batch_idx is 1340
Client 0 finished! Wait! It took 20.710282564163208
Client 0, submit!, batch_idx is 1341
Client 0 finished! Wait! It took 20.75396990776062
Client 0, submit!, batch_idx is 1342
Client 0 finished! Wait! It took 20.784743309020996
Client 0, submit!, batch_idx is 1343
Client 0 finished! Wait! It took 20.759335041046143
Client 0, submit!, batch_idx is 1344
Client 0 finished! Wait! It took 20.762959957122803
Client 0, submit!, batch_idx is 1345
Client 0 finished! Wait! It took 20.764386892318726
Client 0, submit!, batch_idx is 1346
Client 0 finished! Wait! It took 20.798914194107056
Client 0, submit!, batch_idx is 1347
Client 0 finished! Wait! It took 20.837477445602417
Client 0, submit!, batch_idx is 1348
Client 0 finished! Wait! It took 20.874626636505127
Client 0, submit!, batch_idx is 1349
Client 0 finished! Wait! It took 20.75447654724121
Client 0, submit!, batch_idx is 1350
Client 0 finished! Wait! It took 20.808327674865723
Client 0, submit!, batch_idx is 1351
Client 0 finished! Wait! It took 20.783101558685303
Client 0, submit!, batch_idx is 1352
Client 0 finished! Wait! It took 20.80413579940796
Client 0, submit!, batch_idx is 1353
Client 0 finished! Wait! It took 20.836772441864014
Client 0, submit!, batch_idx is 1354
Client 0 finished! Wait! It took 20.840705156326294
Client 0, submit!, batch_idx is 1355
Client 0 finished! Wait! It took 20.869508743286133
Client 0, submit!, batch_idx is 1356
Client 0 finished! Wait! It took 20.84250044822693
Client 0, submit!, batch_idx is 1357
Client 0 finished! Wait! It took 20.805726528167725
Client 0, submit!, batch_idx is 1358
Client 0 finished! Wait! It took 20.839319705963135
Client 0, submit!, batch_idx is 1359
Client 0 finished! Wait! It took 20.881956338882446
Client 0, submit!, batch_idx is 1360
Client 0 finished! Wait! It took 20.901395320892334
Client 0, submit!, batch_idx is 1361
Client 0 finished! Wait! It took 20.859747409820557
Client 0, submit!, batch_idx is 1362
Client 0 finished! Wait! It took 20.905919790267944
Client 0, submit!, batch_idx is 1363
Client 0 finished! Wait! It took 20.92233157157898
Client 0, submit!, batch_idx is 1364
Client 0 finished! Wait! It took 20.937848329544067
Client 0, submit!, batch_idx is 1365
Client 0 finished! Wait! It took 20.940924882888794
Client 0, submit!, batch_idx is 1366
Client 0 finished! Wait! It took 20.992223262786865
Client 0, submit!, batch_idx is 1367
Client 0 finished! Wait! It took 20.998594522476196
Client 0, submit!, batch_idx is 1368
Client 0 finished! Wait! It took 20.95809507369995
Client 0, submit!, batch_idx is 1369
Client 0 finished! Wait! It took 21.005929470062256
Client 0, submit!, batch_idx is 1370
Client 0 finished! Wait! It took 21.050963640213013
Client 0, submit!, batch_idx is 1371
Client 0 finished! Wait! It took 20.96545124053955
Client 0, submit!, batch_idx is 1372
Client 0 finished! Wait! It took 21.013181924819946
Client 0, submit!, batch_idx is 1373
Client 0 finished! Wait! It took 20.99168848991394
Client 0, submit!, batch_idx is 1374
Client 0 finished! Wait! It took 21.020046949386597
Client 0, submit!, batch_idx is 1375
Client 0 finished! Wait! It took 21.064271450042725
Client 0, submit!, batch_idx is 1376
Client 0 finished! Wait! It took 21.038020610809326
Client 0, submit!, batch_idx is 1377
Client 0 finished! Wait! It took 21.06989026069641
Client 0, submit!, batch_idx is 1378
Client 0 finished! Wait! It took 21.096540689468384
Client 0, submit!, batch_idx is 1379
Client 0 finished! Wait! It took 21.13438582420349
Client 0, submit!, batch_idx is 1380
Client 0 finished! Wait! It took 21.154093265533447
Client 0, submit!, batch_idx is 1381
Client 0 finished! Wait! It took 21.202576637268066
Client 0, submit!, batch_idx is 1382
Client 0 finished! Wait! It took 21.23843026161194
Client 0, submit!, batch_idx is 1383
Client 0 finished! Wait! It took 21.154577016830444
Client 0, submit!, batch_idx is 1384
Client 0 finished! Wait! It took 21.198087453842163
Client 0, submit!, batch_idx is 1385
Client 0 finished! Wait! It took 21.210765838623047
Client 0, submit!, batch_idx is 1386
Client 0 finished! Wait! It took 21.25065279006958
Client 0, submit!, batch_idx is 1387
Client 0 finished! Wait! It took 21.2467942237854
Client 0, submit!, batch_idx is 1388
Client 0 finished! Wait! It took 21.296778917312622
Client 0, submit!, batch_idx is 1389
Client 0 finished! Wait! It took 21.212342023849487
Client 0, submit!, batch_idx is 1390
Client 0 finished! Wait! It took 21.24358081817627
Client 0, submit!, batch_idx is 1391
Client 0 finished! Wait! It took 21.288426637649536
Client 0, submit!, batch_idx is 1392
Client 0 finished! Wait! It took 21.34106707572937
Client 0, submit!, batch_idx is 1393
Client 0 finished! Wait! It took 21.390256881713867
Client 0, submit!, batch_idx is 1394
Client 0 finished! Wait! It took 21.41655206680298
Client 0, submit!, batch_idx is 1395
Client 0 finished! Wait! It took 21.455810070037842
Client 0, submit!, batch_idx is 1396
Client 0 finished! Wait! It took 21.440809965133667
Client 0, submit!, batch_idx is 1397
Client 0 finished! Wait! It took 21.473702669143677
Client 0, submit!, batch_idx is 1398
Client 0 finished! Wait! It took 21.517751932144165
Client 0, submit!, batch_idx is 1399
Client 0 finished! Wait! It took 21.5349338054657
Client 0, submit!, batch_idx is 1400
Client 0 finished! Wait! It took 21.54131770133972
Client 0, submit!, batch_idx is 1401
Client 0 finished! Wait! It took 21.589741230010986
Client 0, submit!, batch_idx is 1402
Client 0 finished! Wait! It took 21.6390380859375
Client 0, submit!, batch_idx is 1403
Client 0 finished! Wait! It took 21.692954301834106
Client 0, submit!, batch_idx is 1404
Client 0 finished! Wait! It took 21.69523286819458
Client 0, submit!, batch_idx is 1405
Client 0 finished! Wait! It took 21.70736598968506
Client 0, submit!, batch_idx is 1406
Client 0 finished! Wait! It took 21.73737382888794
Client 0, submit!, batch_idx is 1407
Client 0 finished! Wait! It took 21.718626260757446
Client 0, submit!, batch_idx is 1408
Client 0 finished! Wait! It took 21.708608627319336
Client 0, submit!, batch_idx is 1409
Client 0 finished! Wait! It took 21.7291042804718
Client 0, submit!, batch_idx is 1410
Client 0 finished! Wait! It took 21.70362687110901
Client 0, submit!, batch_idx is 1411
Client 0 finished! Wait! It took 21.750146627426147
Client 0, submit!, batch_idx is 1412
Client 0 finished! Wait! It took 21.801000356674194
Client 0, submit!, batch_idx is 1413
Client 0 finished! Wait! It took 21.843902349472046
Client 0, submit!, batch_idx is 1414
Client 0 finished! Wait! It took 21.897255659103394
Client 0, submit!, batch_idx is 1415
Client 0 finished! Wait! It took 21.922550439834595
Client 0, submit!, batch_idx is 1416
Client 0 finished! Wait! It took 21.867852687835693
Client 0, submit!, batch_idx is 1417
Client 0 finished! Wait! It took 21.921934127807617
Client 0, submit!, batch_idx is 1418
Client 0 finished! Wait! It took 21.97223401069641
Client 0, submit!, batch_idx is 1419
Client 0 finished! Wait! It took 22.003868341445923
Client 0, submit!, batch_idx is 1420
Client 0 finished! Wait! It took 21.95085573196411
Client 0, submit!, batch_idx is 1421
Client 0 finished! Wait! It took 21.991122245788574
Client 0, submit!, batch_idx is 1422
Client 0 finished! Wait! It took 22.018282175064087
Client 0, submit!, batch_idx is 1423
Client 0 finished! Wait! It took 22.072430849075317
Client 0, submit!, batch_idx is 1424
Client 0 finished! Wait! It took 22.122710943222046
Client 0, submit!, batch_idx is 1425
Client 0 finished! Wait! It took 22.005720853805542
Client 0, submit!, batch_idx is 1426
Client 0 finished! Wait! It took 21.9270920753479
Client 0, submit!, batch_idx is 1427
Client 0 finished! Wait! It took 21.982598543167114
Client 0, submit!, batch_idx is 1428
Client 0 finished! Wait! It took 21.916919231414795
Client 0, submit!, batch_idx is 1429
Client 0 finished! Wait! It took 21.931626796722412
Client 0, submit!, batch_idx is 1430
Client 0 finished! Wait! It took 21.906368732452393
Client 0, submit!, batch_idx is 1431
Client 0 finished! Wait! It took 21.93771743774414
Client 0, submit!, batch_idx is 1432
Client 0 finished! Wait! It took 21.964643239974976
Client 0, submit!, batch_idx is 1433
Client 0 finished! Wait! It took 21.994765281677246
Client 0, submit!, batch_idx is 1434
Client 0 finished! Wait! It took 22.007396459579468
Client 0, submit!, batch_idx is 1435
Client 0 finished! Wait! It took 22.05832266807556
Client 0, submit!, batch_idx is 1436
Client 0 finished! Wait! It took 22.1140353679657
Client 0, submit!, batch_idx is 1437
Client 0 finished! Wait! It took 22.156283378601074
Client 0, submit!, batch_idx is 1438
Client 0 finished! Wait! It took 22.16446614265442
Client 0, submit!, batch_idx is 1439
Client 0 finished! Wait! It took 22.212361097335815
Client 0, submit!, batch_idx is 1440
Client 0 finished! Wait! It took 22.22447633743286
Client 0, submit!, batch_idx is 1441
Client 0 finished! Wait! It took 22.140827655792236
Client 0, submit!, batch_idx is 1442
Client 0 finished! Wait! It took 22.19236397743225
Client 0, submit!, batch_idx is 1443
Client 0 finished! Wait! It took 22.203346014022827
Client 0, submit!, batch_idx is 1444
Client 0 finished! Wait! It took 22.23583221435547
Client 0, submit!, batch_idx is 1445
Client 0 finished! Wait! It took 22.211581230163574
Client 0, submit!, batch_idx is 1446
Client 0 finished! Wait! It took 22.259409189224243
Client 0, submit!, batch_idx is 1447
Client 0 finished! Wait! It took 22.268126010894775
Client 0, submit!, batch_idx is 1448
Client 0 finished! Wait! It took 22.250906705856323
Client 0, submit!, batch_idx is 1449
Client 0 finished! Wait! It took 22.19049382209778
Client 0, submit!, batch_idx is 1450
Client 0 finished! Wait! It took 22.199944257736206
Client 0, submit!, batch_idx is 1451
Client 0 finished! Wait! It took 22.228033542633057
Client 0, submit!, batch_idx is 1452
Client 0 finished! Wait! It took 22.245025873184204
Client 0, submit!, batch_idx is 1453
Client 0 finished! Wait! It took 22.219472646713257
Client 0, submit!, batch_idx is 1454
Client 0 finished! Wait! It took 22.241269826889038
Client 0, submit!, batch_idx is 1455
Client 0 finished! Wait! It took 22.295515298843384
Client 0, submit!, batch_idx is 1456
Client 0 finished! Wait! It took 22.244168281555176
Client 0, submit!, batch_idx is 1457
Client 0 finished! Wait! It took 22.25304388999939
Client 0, submit!, batch_idx is 1458
Client 0 finished! Wait! It took 22.26368260383606
Client 0, submit!, batch_idx is 1459
Client 0 finished! Wait! It took 22.30958366394043
Client 0, submit!, batch_idx is 1460
Client 0 finished! Wait! It took 22.32213282585144
Client 0, submit!, batch_idx is 1461
Client 0 finished! Wait! It took 22.35788106918335
Client 0, submit!, batch_idx is 1462
Client 0 finished! Wait! It took 22.371531009674072
Client 0, submit!, batch_idx is 1463
Client 0 finished! Wait! It took 22.422699213027954
Client 0, submit!, batch_idx is 1464
Client 0 finished! Wait! It took 22.435622453689575
Client 0, submit!, batch_idx is 1465
Client 0 finished! Wait! It took 22.194830417633057
Client 0, submit!, batch_idx is 1466
Client 0 finished! Wait! It took 22.250035524368286
Client 0, submit!, batch_idx is 1467
Client 0 finished! Wait! It took 22.155475616455078
Client 0, submit!, batch_idx is 1468
Client 0 finished! Wait! It took 22.190021753311157
Client 0, submit!, batch_idx is 1469
Client 0 finished! Wait! It took 22.16378426551819
Client 0, submit!, batch_idx is 1470
Client 0 finished! Wait! It took 22.158371210098267
Client 0, submit!, batch_idx is 1471
Client 0 finished! Wait! It took 22.180352210998535
Client 0, submit!, batch_idx is 1472
Client 0 finished! Wait! It took 22.18232274055481
Client 0, submit!, batch_idx is 1473
Client 0 finished! Wait! It took 22.15359377861023
Client 0, submit!, batch_idx is 1474
Client 0 finished! Wait! It took 22.188600540161133
Client 0, submit!, batch_idx is 1475
Client 0 finished! Wait! It took 22.228371620178223
Client 0, submit!, batch_idx is 1476
Client 0 finished! Wait! It took 22.239787340164185
Client 0, submit!, batch_idx is 1477
Client 0 finished! Wait! It took 22.22941493988037
Client 0, submit!, batch_idx is 1478
Client 0 finished! Wait! It took 22.227565050125122
Client 0, submit!, batch_idx is 1479
Client 0 finished! Wait! It took 22.219430208206177
Client 0, submit!, batch_idx is 1480
Client 0 finished! Wait! It took 22.25218892097473
Client 0, submit!, batch_idx is 1481
Client 0 finished! Wait! It took 22.239546060562134
Client 0, submit!, batch_idx is 1482
Client 0 finished! Wait! It took 22.2901291847229
Client 0, submit!, batch_idx is 1483
Client 0 finished! Wait! It took 22.314278841018677
Client 0, submit!, batch_idx is 1484
Client 0 finished! Wait! It took 22.369715690612793
Client 0, submit!, batch_idx is 1485
Client 0 finished! Wait! It took 22.409650564193726
Client 0, submit!, batch_idx is 1486
Client 0 finished! Wait! It took 22.446983575820923
Client 0, submit!, batch_idx is 1487
Client 0 finished! Wait! It took 22.482260704040527
Client 0, submit!, batch_idx is 1488
Client 0 finished! Wait! It took 22.490572929382324
Client 0, submit!, batch_idx is 1489
Client 0 finished! Wait! It took 22.527794361114502
Client 0, submit!, batch_idx is 1490
Client 0 finished! Wait! It took 22.560545921325684
Client 0, submit!, batch_idx is 1491
Client 0 finished! Wait! It took 22.604944467544556
Client 0, submit!, batch_idx is 1492
Client 0 finished! Wait! It took 22.64186143875122
Client 0, submit!, batch_idx is 1493
Client 0 finished! Wait! It took 22.687291383743286
Client 0, submit!, batch_idx is 1494
Client 0 finished! Wait! It took 22.74095392227173
Client 0, submit!, batch_idx is 1495
Client 0 finished! Wait! It took 22.759702444076538
Client 0, submit!, batch_idx is 1496
Client 0 finished! Wait! It took 22.77118468284607
Client 0, submit!, batch_idx is 1497
Client 0 finished! Wait! It took 22.78817892074585
Client 0, submit!, batch_idx is 1498
Client 0 finished! Wait! It took 22.818877696990967
Client 0, submit!, batch_idx is 1499
Client 0 finished! Wait! It took 22.855337619781494
Client 0, submit!, batch_idx is 1500
Client 0 finished! Wait! It took 22.83118724822998
Client 0, submit!, batch_idx is 1501
Client 0 finished! Wait! It took 22.857526063919067
Client 0, submit!, batch_idx is 1502
Client 0 finished! Wait! It took 22.8869047164917
Client 0, submit!, batch_idx is 1503
Client 0 finished! Wait! It took 22.941327333450317
Client 0, submit!, batch_idx is 1504
Client 0 finished! Wait! It took 22.98025870323181
Client 0, submit!, batch_idx is 1505
Client 0 finished! Wait! It took 23.01669716835022
Client 0, submit!, batch_idx is 1506
Client 0 finished! Wait! It took 23.051809310913086
Client 0, submit!, batch_idx is 1507
Client 0 finished! Wait! It took 23.07280921936035
Client 0, submit!, batch_idx is 1508
Client 0 finished! Wait! It took 23.098036527633667
Client 0, submit!, batch_idx is 1509
Client 0 finished! Wait! It took 23.116188287734985
Client 0, submit!, batch_idx is 1510
Client 0 finished! Wait! It took 23.113740921020508
Client 0, submit!, batch_idx is 1511
Client 0 finished! Wait! It took 23.10238003730774
Client 0, submit!, batch_idx is 1512
Client 0 finished! Wait! It took 23.10738205909729
Client 0, submit!, batch_idx is 1513
Client 0 finished! Wait! It took 23.038655042648315
Client 0, submit!, batch_idx is 1514
Client 0 finished! Wait! It took 23.09352135658264
Client 0, submit!, batch_idx is 1515
Client 0 finished! Wait! It took 23.14039635658264
Client 0, submit!, batch_idx is 1516
Client 0 finished! Wait! It took 23.195807933807373
Client 0, submit!, batch_idx is 1517
Client 0 finished! Wait! It took 23.209712743759155
Client 0, submit!, batch_idx is 1518
Client 0 finished! Wait! It took 23.174103498458862
Client 0, submit!, batch_idx is 1519
Client 0 finished! Wait! It took 23.21937894821167
Client 0, submit!, batch_idx is 1520
Client 0 finished! Wait! It took 23.170210361480713
Client 0, submit!, batch_idx is 1521
Client 0 finished! Wait! It took 23.223162174224854
Client 0, submit!, batch_idx is 1522
Client 0 finished! Wait! It took 23.169816493988037
Client 0, submit!, batch_idx is 1523
Client 0 finished! Wait! It took 23.207981824874878
Client 0, submit!, batch_idx is 1524
Client 0 finished! Wait! It took 23.25919198989868
Client 0, submit!, batch_idx is 1525
Client 0 finished! Wait! It took 23.288203716278076
Client 0, submit!, batch_idx is 1526
Client 0 finished! Wait! It took 23.331798315048218
Client 0, submit!, batch_idx is 1527
Client 0 finished! Wait! It took 23.37397027015686
Client 0, submit!, batch_idx is 1528
Client 0 finished! Wait! It took 23.41487956047058
Client 0, submit!, batch_idx is 1529
Client 0 finished! Wait! It took 23.40536332130432
Client 0, submit!, batch_idx is 1530
Client 0 finished! Wait! It took 23.429951667785645
Client 0, submit!, batch_idx is 1531
Client 0 finished! Wait! It took 23.47057604789734
Client 0, submit!, batch_idx is 1532
Client 0 finished! Wait! It took 23.48834466934204
Client 0, submit!, batch_idx is 1533
Client 0 finished! Wait! It took 23.493560791015625
Client 0, submit!, batch_idx is 1534
Client 0 finished! Wait! It took 23.536704301834106
Client 0, submit!, batch_idx is 1535
Client 0 finished! Wait! It took 23.570812702178955
Client 0, submit!, batch_idx is 1536
Client 0 finished! Wait! It took 23.621223211288452
Client 0, submit!, batch_idx is 1537
Client 0 finished! Wait! It took 23.66892170906067
Client 0, submit!, batch_idx is 1538
Client 0 finished! Wait! It took 23.678815603256226
Client 0, submit!, batch_idx is 1539
Client 0 finished! Wait! It took 23.7265362739563
Client 0, submit!, batch_idx is 1540
Client 0 finished! Wait! It took 23.75364637374878
Client 0, submit!, batch_idx is 1541
Client 0 finished! Wait! It took 23.76091432571411
Client 0, submit!, batch_idx is 1542
Client 0 finished! Wait! It took 23.81209921836853
Client 0, submit!, batch_idx is 1543
Client 0 finished! Wait! It took 23.834194898605347
Client 0, submit!, batch_idx is 1544
Client 0 finished! Wait! It took 23.87776207923889
Client 0, submit!, batch_idx is 1545
Client 0 finished! Wait! It took 23.80168628692627
Client 0, submit!, batch_idx is 1546
Client 0 finished! Wait! It took 23.830878019332886
Client 0, submit!, batch_idx is 1547
Client 0 finished! Wait! It took 23.820929765701294
Client 0, submit!, batch_idx is 1548
Client 0 finished! Wait! It took 23.844645977020264
Client 0, submit!, batch_idx is 1549
Client 0 finished! Wait! It took 23.89845085144043
Client 0, submit!, batch_idx is 1550
Client 0 finished! Wait! It took 23.913785934448242
Client 0, submit!, batch_idx is 1551
Client 0 finished! Wait! It took 23.848708868026733
Client 0, submit!, batch_idx is 1552
Client 0 finished! Wait! It took 23.86880874633789
Client 0, submit!, batch_idx is 1553
Client 0 finished! Wait! It took 23.8570294380188
Client 0, submit!, batch_idx is 1554
Client 0 finished! Wait! It took 23.826448440551758
Client 0, submit!, batch_idx is 1555
Client 0 finished! Wait! It took 23.87189507484436
Client 0, submit!, batch_idx is 1556
Client 0 finished! Wait! It took 23.9179744720459
Client 0, submit!, batch_idx is 1557
Client 0 finished! Wait! It took 23.935784339904785
Client 0, submit!, batch_idx is 1558
Client 0 finished! Wait! It took 23.970322608947754
Client 0, submit!, batch_idx is 1559
Client 0 finished! Wait! It took 23.952683925628662
Client 0, submit!, batch_idx is 1560
Client 0 finished! Wait! It took 23.916023015975952
Client 0, submit!, batch_idx is 1561
Client 0 finished! Wait! It took 23.954054832458496
Client 0, submit!, batch_idx is 1562
Client 0 finished! Wait! It took 23.99885630607605
Client 0, submit!, batch_idx is 1563
Client 0 finished! Wait! It took 23.994171857833862
Client 0, submit!, batch_idx is 1564
Client 0 finished! Wait! It took 24.037980318069458
Client 0, submit!, batch_idx is 1565
Client 0 finished! Wait! It took 24.02451491355896
Client 0, submit!, batch_idx is 1566
Client 0 finished! Wait! It took 24.059088230133057
Client 0, submit!, batch_idx is 1567
Client 0 finished! Wait! It took 24.070661306381226
Client 0, submit!, batch_idx is 1568
Client 0 finished! Wait! It took 24.122310876846313
Client 0, submit!, batch_idx is 1569
Client 0 finished! Wait! It took 24.138834238052368
Client 0, submit!, batch_idx is 1570
Client 0 finished! Wait! It took 24.170271158218384
Client 0, submit!, batch_idx is 1571
Client 0 finished! Wait! It took 24.190723180770874
Client 0, submit!, batch_idx is 1572
Client 0 finished! Wait! It took 24.23896074295044
Client 0, submit!, batch_idx is 1573
Client 0 finished! Wait! It took 24.241018533706665
Client 0, submit!, batch_idx is 1574
Client 0 finished! Wait! It took 24.217010021209717
Client 0, submit!, batch_idx is 1575
Client 0 finished! Wait! It took 24.262847900390625
Client 0, submit!, batch_idx is 1576
Client 0 finished! Wait! It took 24.314292669296265
Client 0, submit!, batch_idx is 1577
Client 0 finished! Wait! It took 24.36893343925476
Client 0, submit!, batch_idx is 1578
Client 0 finished! Wait! It took 24.383183240890503
Client 0, submit!, batch_idx is 1579
Client 0 finished! Wait! It took 24.401576042175293
Client 0, submit!, batch_idx is 1580
Client 0 finished! Wait! It took 24.425569772720337
Client 0, submit!, batch_idx is 1581
Client 0 finished! Wait! It took 24.470487117767334
Client 0, submit!, batch_idx is 1582
Client 0 finished! Wait! It took 24.50611162185669
Client 0, submit!, batch_idx is 1583
Client 0 finished! Wait! It took 24.525601148605347
Client 0, submit!, batch_idx is 1584
Client 0 finished! Wait! It took 24.553783178329468
Client 0, submit!, batch_idx is 1585
Client 0 finished! Wait! It took 24.433215141296387
Client 0, submit!, batch_idx is 1586
Client 0 finished! Wait! It took 24.482819318771362
Client 0, submit!, batch_idx is 1587
Client 0 finished! Wait! It took 24.491028547286987
Client 0, submit!, batch_idx is 1588
Client 0 finished! Wait! It took 24.525896310806274
Client 0, submit!, batch_idx is 1589
Client 0 finished! Wait! It took 24.55915331840515
Client 0, submit!, batch_idx is 1590
Client 0 finished! Wait! It took 24.564279317855835
Client 0, submit!, batch_idx is 1591
Client 0 finished! Wait! It took 24.57270622253418
Client 0, submit!, batch_idx is 1592
Client 0 finished! Wait! It took 24.43883776664734
Client 0, submit!, batch_idx is 1593
Client 0 finished! Wait! It took 24.490070104599
Client 0, submit!, batch_idx is 1594
Client 0 finished! Wait! It took 24.541237831115723
Client 0, submit!, batch_idx is 1595
Client 0 finished! Wait! It took 24.54538345336914
Client 0, submit!, batch_idx is 1596
Client 0 finished! Wait! It took 24.56641936302185
Client 0, submit!, batch_idx is 1597
Client 0 finished! Wait! It took 24.60925006866455
Client 0, submit!, batch_idx is 1598
Client 0 finished! Wait! It took 24.661607265472412
Client 0, submit!, batch_idx is 1599
Client 0 finished! Wait! It took 24.713632106781006
Client 0, submit!, batch_idx is 1600
Client 0 finished! Wait! It took 24.679238319396973
Client 0, submit!, batch_idx is 1601
Client 0 finished! Wait! It took 24.726316928863525
Client 0, submit!, batch_idx is 1602
Client 0 finished! Wait! It took 24.766395330429077
Client 0, submit!, batch_idx is 1603
Client 0 finished! Wait! It took 24.8130464553833
Client 0, submit!, batch_idx is 1604
Client 0 finished! Wait! It took 24.852139949798584
Client 0, submit!, batch_idx is 1605
Client 0 finished! Wait! It took 24.905245065689087
Client 0, submit!, batch_idx is 1606
Client 0 finished! Wait! It took 24.932838439941406
Client 0, submit!, batch_idx is 1607
Client 0 finished! Wait! It took 24.986767530441284
Client 0, submit!, batch_idx is 1608
Client 0 finished! Wait! It took 24.979008197784424
Client 0, submit!, batch_idx is 1609
Client 0 finished! Wait! It took 25.023992776870728
Client 0, submit!, batch_idx is 1610
Client 0 finished! Wait! It took 25.048402547836304
Client 0, submit!, batch_idx is 1611
Client 0 finished! Wait! It took 25.01916265487671
Client 0, submit!, batch_idx is 1612
Client 0 finished! Wait! It took 25.03265380859375
Client 0, submit!, batch_idx is 1613
Client 0 finished! Wait! It took 25.05788540840149
Client 0, submit!, batch_idx is 1614
Client 0 finished! Wait! It took 25.09780502319336
Client 0, submit!, batch_idx is 1615
Client 0 finished! Wait! It took 25.13703966140747
Client 0, submit!, batch_idx is 1616
Client 0 finished! Wait! It took 25.14849281311035
Client 0, submit!, batch_idx is 1617
Client 0 finished! Wait! It took 24.998502254486084
Client 0, submit!, batch_idx is 1618
Client 0 finished! Wait! It took 25.010616064071655
Client 0, submit!, batch_idx is 1619
Client 0 finished! Wait! It took 25.033597469329834
Client 0, submit!, batch_idx is 1620
Client 0 finished! Wait! It took 25.036705017089844
Client 0, submit!, batch_idx is 1621
Client 0 finished! Wait! It took 25.067156076431274
Client 0, submit!, batch_idx is 1622
Client 0 finished! Wait! It took 25.12028932571411
Client 0, submit!, batch_idx is 1623
Client 0 finished! Wait! It took 25.14272379875183
Client 0, submit!, batch_idx is 1624
Client 0 finished! Wait! It took 25.07175064086914
Client 0, submit!, batch_idx is 1625
Client 0 finished! Wait! It took 25.11964225769043
Client 0, submit!, batch_idx is 1626
Client 0 finished! Wait! It took 25.128727674484253
Client 0, submit!, batch_idx is 1627
Client 0 finished! Wait! It took 25.176716566085815
Client 0, submit!, batch_idx is 1628
Client 0 finished! Wait! It took 25.202811241149902
Client 0, submit!, batch_idx is 1629
Client 0 finished! Wait! It took 25.255951404571533
Client 0, submit!, batch_idx is 1630
Client 0 finished! Wait! It took 25.288583755493164
Client 0, submit!, batch_idx is 1631
Client 0 finished! Wait! It took 25.287944793701172
Client 0, submit!, batch_idx is 1632
Client 0 finished! Wait! It took 25.3266282081604
Client 0, submit!, batch_idx is 1633
Client 0 finished! Wait! It took 25.33959937095642
Client 0, submit!, batch_idx is 1634
Client 0 finished! Wait! It took 25.33186149597168
Client 0, submit!, batch_idx is 1635
Client 0 finished! Wait! It took 25.282687187194824
Client 0, submit!, batch_idx is 1636
Client 0 finished! Wait! It took 25.32763671875
Client 0, submit!, batch_idx is 1637
Client 0 finished! Wait! It took 25.362894296646118
Client 0, submit!, batch_idx is 1638
Client 0 finished! Wait! It took 25.411887168884277
Client 0, submit!, batch_idx is 1639
Client 0 finished! Wait! It took 25.27171540260315
Client 0, submit!, batch_idx is 1640
Client 0 finished! Wait! It took 25.222663640975952
Client 0, submit!, batch_idx is 1641
Client 0 finished! Wait! It took 25.247045278549194
Client 0, submit!, batch_idx is 1642
Client 0 finished! Wait! It took 25.22867202758789
Client 0, submit!, batch_idx is 1643
Client 0 finished! Wait! It took 25.25481867790222
Client 0, submit!, batch_idx is 1644
Client 0 finished! Wait! It took 25.27137327194214
Client 0, submit!, batch_idx is 1645
Client 0 finished! Wait! It took 25.32327938079834
Client 0, submit!, batch_idx is 1646
Client 0 finished! Wait! It took 25.32268714904785
Client 0, submit!, batch_idx is 1647
Client 0 finished! Wait! It took 25.373000621795654
Client 0, submit!, batch_idx is 1648
Client 0 finished! Wait! It took 25.358681678771973
Client 0, submit!, batch_idx is 1649
Client 0 finished! Wait! It took 25.353163719177246
Client 0, submit!, batch_idx is 1650
Client 0 finished! Wait! It took 25.359616994857788
Client 0, submit!, batch_idx is 1651
Client 0 finished! Wait! It took 25.413925647735596
Client 0, submit!, batch_idx is 1652
Client 0 finished! Wait! It took 25.454965591430664
Client 0, submit!, batch_idx is 1653
Client 0 finished! Wait! It took 25.49838423728943
Client 0, submit!, batch_idx is 1654
Client 0 finished! Wait! It took 25.53612518310547
Client 0, submit!, batch_idx is 1655
Client 0 finished! Wait! It took 25.58816409111023
Client 0, submit!, batch_idx is 1656
Client 0 finished! Wait! It took 25.53344178199768
Client 0, submit!, batch_idx is 1657
Client 0 finished! Wait! It took 25.55809450149536
Client 0, submit!, batch_idx is 1658
Client 0 finished! Wait! It took 25.600111722946167
Client 0, submit!, batch_idx is 1659
Client 0 finished! Wait! It took 25.635234355926514
Client 0, submit!, batch_idx is 1660
Client 0 finished! Wait! It took 25.667301416397095
Client 0, submit!, batch_idx is 1661
Client 0 finished! Wait! It took 25.68622326850891
Client 0, submit!, batch_idx is 1662
Client 0 finished! Wait! It took 25.712839126586914
Client 0, submit!, batch_idx is 1663
Client 0 finished! Wait! It took 25.66788387298584
Client 0, submit!, batch_idx is 1664
Client 0 finished! Wait! It took 25.69599962234497
Client 0, submit!, batch_idx is 1665
Client 0 finished! Wait! It took 25.557943105697632
Client 0, submit!, batch_idx is 1666
Client 0 finished! Wait! It took 25.53727626800537
Client 0, submit!, batch_idx is 1667
Client 0 finished! Wait! It took 25.583796739578247
Client 0, submit!, batch_idx is 1668
Client 0 finished! Wait! It took 25.534038305282593
Client 0, submit!, batch_idx is 1669
Client 0 finished! Wait! It took 25.584876537322998
Client 0, submit!, batch_idx is 1670
Client 0 finished! Wait! It took 25.57231378555298
Client 0, submit!, batch_idx is 1671
Client 0 finished! Wait! It took 25.60886812210083
Client 0, submit!, batch_idx is 1672
Client 0 finished! Wait! It took 25.580362558364868
Client 0, submit!, batch_idx is 1673
Client 0 finished! Wait! It took 25.55537986755371
Client 0, submit!, batch_idx is 1674
Client 0 finished! Wait! It took 25.545685529708862
Client 0, submit!, batch_idx is 1675
Client 0 finished! Wait! It took 25.54014801979065
Client 0, submit!, batch_idx is 1676
Client 0 finished! Wait! It took 25.582287311553955
Client 0, submit!, batch_idx is 1677
Client 0 finished! Wait! It took 25.634517192840576
Client 0, submit!, batch_idx is 1678
Client 0 finished! Wait! It took 25.669600248336792
Client 0, submit!, batch_idx is 1679
Client 0 finished! Wait! It took 25.71893310546875
Client 0, submit!, batch_idx is 1680
Client 0 finished! Wait! It took 25.728192806243896
Client 0, submit!, batch_idx is 1681
Client 0 finished! Wait! It took 25.76836895942688
Client 0, submit!, batch_idx is 1682
Client 0 finished! Wait! It took 25.676392316818237
Client 0, submit!, batch_idx is 1683
Client 0 finished! Wait! It took 25.69122886657715
Client 0, submit!, batch_idx is 1684
Client 0 finished! Wait! It took 25.677549600601196
Client 0, submit!, batch_idx is 1685
Client 0 finished! Wait! It took 25.7275607585907
Client 0, submit!, batch_idx is 1686
Client 0 finished! Wait! It took 25.704087495803833
Client 0, submit!, batch_idx is 1687
Client 0 finished! Wait! It took 25.65725302696228
Client 0, submit!, batch_idx is 1688
Client 0 finished! Wait! It took 25.686010599136353
Client 0, submit!, batch_idx is 1689
Client 0 finished! Wait! It took 25.704543590545654
Client 0, submit!, batch_idx is 1690
Client 0 finished! Wait! It took 25.702444076538086
Client 0, submit!, batch_idx is 1691
Client 0 finished! Wait! It took 25.750582933425903
Client 0, submit!, batch_idx is 1692
Client 0 finished! Wait! It took 25.77848482131958
Client 0, submit!, batch_idx is 1693
Client 0 finished! Wait! It took 25.81476640701294
Client 0, submit!, batch_idx is 1694
Client 0 finished! Wait! It took 25.8642156124115
Client 0, submit!, batch_idx is 1695
Client 0 finished! Wait! It took 25.901535749435425
Client 0, submit!, batch_idx is 1696
Client 0 finished! Wait! It took 25.954171180725098
Client 0, submit!, batch_idx is 1697
Client 0 finished! Wait! It took 26.008753538131714
Client 0, submit!, batch_idx is 1698
Client 0 finished! Wait! It took 26.058528661727905
Client 0, submit!, batch_idx is 1699
Client 0 finished! Wait! It took 25.98222041130066
Client 0, submit!, batch_idx is 1700
Client 0 finished! Wait! It took 26.00596785545349
Client 0, submit!, batch_idx is 1701
Client 0 finished! Wait! It took 25.92637872695923
Client 0, submit!, batch_idx is 1702
Client 0 finished! Wait! It took 25.959446907043457
Client 0, submit!, batch_idx is 1703
Client 0 finished! Wait! It took 26.00008797645569
Client 0, submit!, batch_idx is 1704
Client 0 finished! Wait! It took 26.027313232421875
Client 0, submit!, batch_idx is 1705
Client 0 finished! Wait! It took 26.05976438522339
Client 0, submit!, batch_idx is 1706
Client 0 finished! Wait! It took 26.11089825630188
Client 0, submit!, batch_idx is 1707
Client 0 finished! Wait! It took 26.125650882720947
Client 0, submit!, batch_idx is 1708
Client 0 finished! Wait! It took 26.171565294265747
Client 0, submit!, batch_idx is 1709
Client 0 finished! Wait! It took 26.188333749771118
Client 0, submit!, batch_idx is 1710
Client 0 finished! Wait! It took 26.20176935195923
Client 0, submit!, batch_idx is 1711
Client 0 finished! Wait! It took 26.25101947784424
Client 0, submit!, batch_idx is 1712
Client 0 finished! Wait! It took 26.30512809753418
Client 0, submit!, batch_idx is 1713
Client 0 finished! Wait! It took 26.30004072189331
Client 0, submit!, batch_idx is 1714
Client 0 finished! Wait! It took 26.33097743988037
Client 0, submit!, batch_idx is 1715
Client 0 finished! Wait! It took 26.3843195438385
Client 0, submit!, batch_idx is 1716
Client 0 finished! Wait! It took 26.229066610336304
Client 0, submit!, batch_idx is 1717
Client 0 finished! Wait! It took 26.282361030578613
Client 0, submit!, batch_idx is 1718
Client 0 finished! Wait! It took 26.29052734375
Client 0, submit!, batch_idx is 1719
Client 0 finished! Wait! It took 26.18147325515747
Client 0, submit!, batch_idx is 1720
Client 0 finished! Wait! It took 26.22647261619568
Client 0, submit!, batch_idx is 1721
Client 0 finished! Wait! It took 26.27695393562317
Client 0, submit!, batch_idx is 1722
Client 0 finished! Wait! It took 26.32701063156128
Client 0, submit!, batch_idx is 1723
Client 0 finished! Wait! It took 26.368044137954712
Client 0, submit!, batch_idx is 1724
Client 0 finished! Wait! It took 26.419528484344482
Client 0, submit!, batch_idx is 1725
Client 0 finished! Wait! It took 26.428252696990967
Client 0, submit!, batch_idx is 1726
Client 0 finished! Wait! It took 26.48236060142517
Client 0, submit!, batch_idx is 1727
Client 0 finished! Wait! It took 26.50965452194214
Client 0, submit!, batch_idx is 1728
Client 0 finished! Wait! It took 26.336918115615845
Client 0, submit!, batch_idx is 1729
Client 0 finished! Wait! It took 26.325095653533936
Client 0, submit!, batch_idx is 1730
Client 0 finished! Wait! It took 26.34254503250122
Client 0, submit!, batch_idx is 1731
Client 0 finished! Wait! It took 26.38428497314453
Client 0, submit!, batch_idx is 1732
Client 0 finished! Wait! It took 26.400869846343994
Client 0, submit!, batch_idx is 1733
Client 0 finished! Wait! It took 26.426541805267334
Client 0, submit!, batch_idx is 1734
Client 0 finished! Wait! It took 26.460167407989502
Client 0, submit!, batch_idx is 1735
Client 0 finished! Wait! It took 26.50999093055725
Client 0, submit!, batch_idx is 1736
Client 0 finished! Wait! It took 26.47879409790039
Client 0, submit!, batch_idx is 1737
Client 0 finished! Wait! It took 26.511789798736572
Client 0, submit!, batch_idx is 1738
Client 0 finished! Wait! It took 26.559780597686768
Client 0, submit!, batch_idx is 1739
Client 0 finished! Wait! It took 26.59687638282776
Client 0, submit!, batch_idx is 1740
Client 0 finished! Wait! It took 26.630955457687378
Client 0, submit!, batch_idx is 1741
Client 0 finished! Wait! It took 26.616284132003784
Client 0, submit!, batch_idx is 1742
Client 0 finished! Wait! It took 26.61902379989624
Client 0, submit!, batch_idx is 1743
Client 0 finished! Wait! It took 26.616004467010498
Client 0, submit!, batch_idx is 1744
Client 0 finished! Wait! It took 26.671052932739258
Client 0, submit!, batch_idx is 1745
Client 0 finished! Wait! It took 26.705389261245728
Client 0, submit!, batch_idx is 1746
Client 0 finished! Wait! It took 26.734708309173584
Client 0, submit!, batch_idx is 1747
Client 0 finished! Wait! It took 26.789664030075073
Client 0, submit!, batch_idx is 1748
Client 0 finished! Wait! It took 26.834550380706787
Client 0, submit!, batch_idx is 1749
Client 0 finished! Wait! It took 26.833014726638794
Client 0, submit!, batch_idx is 1750
Client 0 finished! Wait! It took 26.88285207748413
Client 0, submit!, batch_idx is 1751
Client 0 finished! Wait! It took 26.90782642364502
Client 0, submit!, batch_idx is 1752
Client 0 finished! Wait! It took 26.953850030899048
Client 0, submit!, batch_idx is 1753
Client 0 finished! Wait! It took 27.010056734085083
Client 0, submit!, batch_idx is 1754
Client 0 finished! Wait! It took 27.05462145805359
Client 0, submit!, batch_idx is 1755
Client 0 finished! Wait! It took 26.961578130722046
Client 0, submit!, batch_idx is 1756
Client 0 finished! Wait! It took 26.95288610458374
Client 0, submit!, batch_idx is 1757
Client 0 finished! Wait! It took 26.8814115524292
Client 0, submit!, batch_idx is 1758
Client 0 finished! Wait! It took 26.911840438842773
Client 0, submit!, batch_idx is 1759
Client 0 finished! Wait! It took 26.96412467956543
Client 0, submit!, batch_idx is 1760
Client 0 finished! Wait! It took 26.98896026611328
Client 0, submit!, batch_idx is 1761
Client 0 finished! Wait! It took 27.020480632781982
Client 0, submit!, batch_idx is 1762
Client 0 finished! Wait! It took 27.001644134521484
Client 0, submit!, batch_idx is 1763
Client 0 finished! Wait! It took 27.05324125289917
Client 0, submit!, batch_idx is 1764
Client 0 finished! Wait! It took 27.082061290740967
Client 0, submit!, batch_idx is 1765
Client 0 finished! Wait! It took 27.131047248840332
Client 0, submit!, batch_idx is 1766
Client 0 finished! Wait! It took 27.171079874038696
Client 0, submit!, batch_idx is 1767
Client 0 finished! Wait! It took 27.173186779022217
Client 0, submit!, batch_idx is 1768
Client 0 finished! Wait! It took 27.202796697616577
Client 0, submit!, batch_idx is 1769
Client 0 finished! Wait! It took 27.2397301197052
Client 0, submit!, batch_idx is 1770
Client 0 finished! Wait! It took 27.275481700897217
Client 0, submit!, batch_idx is 1771
Client 0 finished! Wait! It took 27.30669093132019
Client 0, submit!, batch_idx is 1772
Client 0 finished! Wait! It took 27.30078911781311
Client 0, submit!, batch_idx is 1773
Client 0 finished! Wait! It took 27.267167329788208
Client 0, submit!, batch_idx is 1774
Client 0 finished! Wait! It took 27.198506593704224
Client 0, submit!, batch_idx is 1775
Client 0 finished! Wait! It took 27.192529678344727
Client 0, submit!, batch_idx is 1776
Client 0 finished! Wait! It took 27.234069108963013
Client 0, submit!, batch_idx is 1777
Client 0 finished! Wait! It took 27.24304437637329
Client 0, submit!, batch_idx is 1778
Client 0 finished! Wait! It took 27.275593996047974
Client 0, submit!, batch_idx is 1779
Client 0 finished! Wait! It took 27.319552183151245
Client 0, submit!, batch_idx is 1780
Client 0 finished! Wait! It took 27.301637411117554
Client 0, submit!, batch_idx is 1781
Client 0 finished! Wait! It took 27.355554342269897
Client 0, submit!, batch_idx is 1782
Client 0 finished! Wait! It took 27.318445205688477
Client 0, submit!, batch_idx is 1783
Client 0 finished! Wait! It took 27.34958577156067
Client 0, submit!, batch_idx is 1784
Client 0 finished! Wait! It took 27.36602544784546
Client 0, submit!, batch_idx is 1785
Client 0 finished! Wait! It took 27.378540754318237
Client 0, submit!, batch_idx is 1786
Client 0 finished! Wait! It took 27.34402346611023
Client 0, submit!, batch_idx is 1787
Client 0 finished! Wait! It took 27.3592848777771
Client 0, submit!, batch_idx is 1788
Client 0 finished! Wait! It took 27.37682580947876
Client 0, submit!, batch_idx is 1789
Client 0 finished! Wait! It took 27.42996335029602
Client 0, submit!, batch_idx is 1790
Client 0 finished! Wait! It took 27.456470727920532
Client 0, submit!, batch_idx is 1791
Client 0 finished! Wait! It took 27.50553250312805
Client 0, submit!, batch_idx is 1792
Client 0 finished! Wait! It took 27.507760286331177
Client 0, submit!, batch_idx is 1793
Client 0 finished! Wait! It took 27.534627676010132
Client 0, submit!, batch_idx is 1794
Client 0 finished! Wait! It took 27.544479608535767
Client 0, submit!, batch_idx is 1795
Client 0 finished! Wait! It took 27.59849452972412
Client 0, submit!, batch_idx is 1796
Client 0 finished! Wait! It took 27.65054678916931
Client 0, submit!, batch_idx is 1797
Client 0 finished! Wait! It took 27.655824184417725
Client 0, submit!, batch_idx is 1798
Client 0 finished! Wait! It took 27.708510160446167
Client 0, submit!, batch_idx is 1799
Client 0 finished! Wait! It took 27.761162519454956
Client 0, submit!, batch_idx is 1800
Client 0 finished! Wait! It took 27.816140174865723
Client 0, submit!, batch_idx is 1801
Client 0 finished! Wait! It took 27.746355056762695
Client 0, submit!, batch_idx is 1802
Client 0 finished! Wait! It took 27.748465061187744
Client 0, submit!, batch_idx is 1803
Client 0 finished! Wait! It took 27.78672170639038
Client 0, submit!, batch_idx is 1804
Client 0 finished! Wait! It took 27.828275680541992
Client 0, submit!, batch_idx is 1805
Client 0 finished! Wait! It took 27.866894245147705
Client 0, submit!, batch_idx is 1806
Client 0 finished! Wait! It took 27.862761974334717
Client 0, submit!, batch_idx is 1807
Client 0 finished! Wait! It took 27.87513780593872
Client 0, submit!, batch_idx is 1808
Client 0 finished! Wait! It took 27.9227294921875
Client 0, submit!, batch_idx is 1809
Client 0 finished! Wait! It took 27.970683574676514
Client 0, submit!, batch_idx is 1810
Client 0 finished! Wait! It took 28.02214217185974
Client 0, submit!, batch_idx is 1811
Client 0 finished! Wait! It took 28.03495192527771
Client 0, submit!, batch_idx is 1812
Client 0 finished! Wait! It took 28.03367304801941
Client 0, submit!, batch_idx is 1813
Client 0 finished! Wait! It took 28.07716393470764
Client 0, submit!, batch_idx is 1814
Client 0 finished! Wait! It took 28.131802320480347
Client 0, submit!, batch_idx is 1815
Client 0 finished! Wait! It took 28.184075593948364
Client 0, submit!, batch_idx is 1816
Client 0 finished! Wait! It took 28.102325439453125
Client 0, submit!, batch_idx is 1817
Client 0 finished! Wait! It took 28.14388346672058
Client 0, submit!, batch_idx is 1818
Client 0 finished! Wait! It took 28.140681743621826
Client 0, submit!, batch_idx is 1819
Client 0 finished! Wait! It took 28.157315969467163
Client 0, submit!, batch_idx is 1820
Client 0 finished! Wait! It took 28.19385266304016
Client 0, submit!, batch_idx is 1821
Client 0 finished! Wait! It took 28.24077320098877
Client 0, submit!, batch_idx is 1822
Client 0 finished! Wait! It took 28.292312622070312
Client 0, submit!, batch_idx is 1823
Client 0 finished! Wait! It took 28.309603929519653
Client 0, submit!, batch_idx is 1824
Client 0 finished! Wait! It took 28.305693864822388
Client 0, submit!, batch_idx is 1825
Client 0 finished! Wait! It took 28.31999945640564
Client 0, submit!, batch_idx is 1826
Client 0 finished! Wait! It took 28.345429182052612
Client 0, submit!, batch_idx is 1827
Client 0 finished! Wait! It took 28.399388074874878
Client 0, submit!, batch_idx is 1828
Client 0 finished! Wait! It took 28.31653380393982
Client 0, submit!, batch_idx is 1829
Client 0 finished! Wait! It took 28.30813193321228
Client 0, submit!, batch_idx is 1830
Client 0 finished! Wait! It took 28.3498637676239
Client 0, submit!, batch_idx is 1831
Client 0 finished! Wait! It took 28.249021768569946
Client 0, submit!, batch_idx is 1832
Client 0 finished! Wait! It took 28.267922163009644
Client 0, submit!, batch_idx is 1833
Client 0 finished! Wait! It took 28.28885293006897
Client 0, submit!, batch_idx is 1834
Client 0 finished! Wait! It took 28.29073715209961
Client 0, submit!, batch_idx is 1835
Client 0 finished! Wait! It took 28.279538869857788
Client 0, submit!, batch_idx is 1836
Client 0 finished! Wait! It took 28.29276418685913
Client 0, submit!, batch_idx is 1837
Client 0 finished! Wait! It took 28.344491958618164
Client 0, submit!, batch_idx is 1838
Client 0 finished! Wait! It took 28.3846755027771
Client 0, submit!, batch_idx is 1839
Client 0 finished! Wait! It took 28.33522129058838
Client 0, submit!, batch_idx is 1840
Client 0 finished! Wait! It took 28.380650758743286
Client 0, submit!, batch_idx is 1841
Client 0 finished! Wait! It took 28.417604207992554
Client 0, submit!, batch_idx is 1842
Client 0 finished! Wait! It took 28.45070457458496
Client 0, submit!, batch_idx is 1843
Client 0 finished! Wait! It took 28.48319172859192
Client 0, submit!, batch_idx is 1844
Client 0 finished! Wait! It took 28.50070095062256
Client 0, submit!, batch_idx is 1845
Client 0 finished! Wait! It took 28.441753149032593
Client 0, submit!, batch_idx is 1846
Client 0 finished! Wait! It took 28.486340284347534
Client 0, submit!, batch_idx is 1847
Client 0 finished! Wait! It took 28.536855697631836
Client 0, submit!, batch_idx is 1848
Client 0 finished! Wait! It took 28.58374786376953
Client 0, submit!, batch_idx is 1849
Client 0 finished! Wait! It took 28.55201005935669
Client 0, submit!, batch_idx is 1850
Client 0 finished! Wait! It took 28.565974712371826
Client 0, submit!, batch_idx is 1851
Client 0 finished! Wait! It took 28.608092069625854
Client 0, submit!, batch_idx is 1852
Client 0 finished! Wait! It took 28.59602427482605
Client 0, submit!, batch_idx is 1853
Client 0 finished! Wait! It took 28.572925806045532
Client 0, submit!, batch_idx is 1854
Client 0 finished! Wait! It took 28.553906440734863
Client 0, submit!, batch_idx is 1855
Client 0 finished! Wait! It took 28.510411024093628
Client 0, submit!, batch_idx is 1856
Client 0 finished! Wait! It took 28.554373264312744
Client 0, submit!, batch_idx is 1857
Client 0 finished! Wait! It took 28.55361008644104
Client 0, submit!, batch_idx is 1858
Client 0 finished! Wait! It took 28.584411144256592
Client 0, submit!, batch_idx is 1859
Client 0 finished! Wait! It took 28.566237449645996
Client 0, submit!, batch_idx is 1860
Client 0 finished! Wait! It took 28.56976842880249
Client 0, submit!, batch_idx is 1861
Client 0 finished! Wait! It took 28.565498113632202
Client 0, submit!, batch_idx is 1862
Client 0 finished! Wait! It took 28.578246593475342
Client 0, submit!, batch_idx is 1863
Client 0 finished! Wait! It took 28.625876426696777
Client 0, submit!, batch_idx is 1864
Client 0 finished! Wait! It took 28.649978637695312
Client 0, submit!, batch_idx is 1865
Client 0 finished! Wait! It took 28.53832173347473
Client 0, submit!, batch_idx is 1866
Client 0 finished! Wait! It took 28.48323154449463
Client 0, submit!, batch_idx is 1867
Client 0 finished! Wait! It took 28.537079334259033
Client 0, submit!, batch_idx is 1868
Client 0 finished! Wait! It took 28.585529327392578
Client 0, submit!, batch_idx is 1869
Client 0 finished! Wait! It took 28.635525703430176
Client 0, submit!, batch_idx is 1870
Client 0 finished! Wait! It took 28.639188528060913
Client 0, submit!, batch_idx is 1871
Client 0 finished! Wait! It took 28.62655258178711
Client 0, submit!, batch_idx is 1872
Client 0 finished! Wait! It took 28.672528743743896
Client 0, submit!, batch_idx is 1873
Client 0 finished! Wait! It took 28.699767351150513
Client 0, submit!, batch_idx is 1874
Client 0 finished! Wait! It took 28.68172788619995
Client 0, submit!, batch_idx is 1875
Client 0 finished! Wait! It took 28.68453359603882
Client 0, submit!, batch_idx is 1876
Client 0 finished! Wait! It took 28.708922863006592
Client 0, submit!, batch_idx is 1877
Client 0 finished! Wait! It took 28.728858470916748
Client 0, submit!, batch_idx is 1878
Client 0 finished! Wait! It took 28.755905151367188
Client 0, submit!, batch_idx is 1879
Client 0 finished! Wait! It took 28.797645568847656
Client 0, submit!, batch_idx is 1880
Client 0 finished! Wait! It took 28.820207118988037
Client 0, submit!, batch_idx is 1881
Client 0 finished! Wait! It took 28.83039951324463
Client 0, submit!, batch_idx is 1882
Client 0 finished! Wait! It took 28.80441904067993
Client 0, submit!, batch_idx is 1883
Client 0 finished! Wait! It took 28.81963324546814
Client 0, submit!, batch_idx is 1884
Client 0 finished! Wait! It took 28.81820034980774
Client 0, submit!, batch_idx is 1885
Client 0 finished! Wait! It took 28.86710214614868
Client 0, submit!, batch_idx is 1886
Client 0 finished! Wait! It took 28.899293899536133
Client 0, submit!, batch_idx is 1887
Client 0 finished! Wait! It took 28.95466661453247
Client 0, submit!, batch_idx is 1888
Client 0 finished! Wait! It took 28.998933792114258
Client 0, submit!, batch_idx is 1889
Client 0 finished! Wait! It took 29.00288677215576
Client 0, submit!, batch_idx is 1890
Client 0 finished! Wait! It took 28.866563320159912
Client 0, submit!, batch_idx is 1891
Client 0 finished! Wait! It took 28.919472694396973
Client 0, submit!, batch_idx is 1892
Client 0 finished! Wait! It took 28.956069946289062
Client 0, submit!, batch_idx is 1893
Client 0 finished! Wait! It took 28.94837474822998
Client 0, submit!, batch_idx is 1894
Client 0 finished! Wait! It took 28.99509572982788
Client 0, submit!, batch_idx is 1895
Client 0 finished! Wait! It took 29.018315315246582
Client 0, submit!, batch_idx is 1896
Client 0 finished! Wait! It took 29.02108383178711
Client 0, submit!, batch_idx is 1897
Client 0 finished! Wait! It took 29.038243293762207
Client 0, submit!, batch_idx is 1898
Client 0 finished! Wait! It took 29.08550214767456
Client 0, submit!, batch_idx is 1899
Client 0 finished! Wait! It took 29.123825073242188
Client 0, submit!, batch_idx is 1900
Client 0 finished! Wait! It took 29.119422912597656
Client 0, submit!, batch_idx is 1901
Client 0 finished! Wait! It took 29.142729997634888
Client 0, submit!, batch_idx is 1902
Client 0 finished! Wait! It took 29.198506355285645
Client 0, submit!, batch_idx is 1903
Client 0 finished! Wait! It took 29.197958946228027
Client 0, submit!, batch_idx is 1904
Client 0 finished! Wait! It took 29.252100944519043
Client 0, submit!, batch_idx is 1905
Client 0 finished! Wait! It took 29.253031015396118
Client 0, submit!, batch_idx is 1906
Client 0 finished! Wait! It took 29.299604415893555
Client 0, submit!, batch_idx is 1907
Client 0 finished! Wait! It took 29.22817873954773
Client 0, submit!, batch_idx is 1908
Client 0 finished! Wait! It took 29.265419483184814
Client 0, submit!, batch_idx is 1909
Client 0 finished! Wait! It took 29.305230855941772
Client 0, submit!, batch_idx is 1910
Client 0 finished! Wait! It took 29.354837656021118
Client 0, submit!, batch_idx is 1911
Client 0 finished! Wait! It took 29.395843505859375
Client 0, submit!, batch_idx is 1912
Client 0 finished! Wait! It took 29.367976427078247
Client 0, submit!, batch_idx is 1913
Client 0 finished! Wait! It took 29.199070930480957
Client 0, submit!, batch_idx is 1914
Client 0 finished! Wait! It took 29.236568927764893
Client 0, submit!, batch_idx is 1915
Client 0 finished! Wait! It took 29.269662141799927
Client 0, submit!, batch_idx is 1916
Client 0 finished! Wait! It took 29.275124073028564
Client 0, submit!, batch_idx is 1917
Client 0 finished! Wait! It took 29.243624448776245
Client 0, submit!, batch_idx is 1918
Client 0 finished! Wait! It took 29.263393878936768
Client 0, submit!, batch_idx is 1919
Client 0 finished! Wait! It took 29.29911994934082
Client 0, submit!, batch_idx is 1920
Client 0 finished! Wait! It took 29.33348774909973
Client 0, submit!, batch_idx is 1921
Client 0 finished! Wait! It took 29.341606378555298
Client 0, submit!, batch_idx is 1922
Client 0 finished! Wait! It took 29.397090911865234
Client 0, submit!, batch_idx is 1923
Client 0 finished! Wait! It took 29.4139142036438
Client 0, submit!, batch_idx is 1924
Client 0 finished! Wait! It took 29.45193886756897
Client 0, submit!, batch_idx is 1925
Client 0 finished! Wait! It took 29.444320917129517
Client 0, submit!, batch_idx is 1926
Client 0 finished! Wait! It took 29.49616503715515
Client 0, submit!, batch_idx is 1927
Client 0 finished! Wait! It took 29.516316890716553
Client 0, submit!, batch_idx is 1928
Client 0 finished! Wait! It took 29.545939207077026
Client 0, submit!, batch_idx is 1929
Client 0 finished! Wait! It took 29.56041932106018
Client 0, submit!, batch_idx is 1930
Client 0 finished! Wait! It took 29.613295555114746
Client 0, submit!, batch_idx is 1931
Client 0 finished! Wait! It took 29.634355783462524
Client 0, submit!, batch_idx is 1932
Client 0 finished! Wait! It took 29.65751361846924
Client 0, submit!, batch_idx is 1933
Client 0 finished! Wait! It took 29.681522369384766
Client 0, submit!, batch_idx is 1934
Client 0 finished! Wait! It took 29.70111870765686
Client 0, submit!, batch_idx is 1935
Client 0 finished! Wait! It took 29.711545705795288
Client 0, submit!, batch_idx is 1936
Client 0 finished! Wait! It took 29.701629400253296
Client 0, submit!, batch_idx is 1937
Client 0 finished! Wait! It took 29.744654178619385
Client 0, submit!, batch_idx is 1938
Client 0 finished! Wait! It took 29.73051691055298
Client 0, submit!, batch_idx is 1939
Client 0 finished! Wait! It took 29.75862693786621
Client 0, submit!, batch_idx is 1940
Client 0 finished! Wait! It took 29.81110692024231
Client 0, submit!, batch_idx is 1941
Client 0 finished! Wait! It took 29.86452841758728
Client 0, submit!, batch_idx is 1942
Client 0 finished! Wait! It took 29.9038987159729
Client 0, submit!, batch_idx is 1943
Client 0 finished! Wait! It took 29.898029327392578
Client 0, submit!, batch_idx is 1944
Client 0 finished! Wait! It took 29.90457320213318
Client 0, submit!, batch_idx is 1945
Client 0 finished! Wait! It took 29.8980712890625
Client 0, submit!, batch_idx is 1946
Client 0 finished! Wait! It took 29.924582481384277
Client 0, submit!, batch_idx is 1947
Client 0 finished! Wait! It took 29.957043647766113
Client 0, submit!, batch_idx is 1948
Client 0 finished! Wait! It took 30.00627613067627
Client 0, submit!, batch_idx is 1949
Client 0 finished! Wait! It took 30.045828819274902
Client 0, submit!, batch_idx is 1950
Client 0 finished! Wait! It took 30.07866930961609
Client 0, submit!, batch_idx is 1951
Client 0 finished! Wait! It took 30.1306734085083
Client 0, submit!, batch_idx is 1952
Client 0 finished! Wait! It took 30.176711559295654
Client 0, submit!, batch_idx is 1953
Client 0 finished! Wait! It took 30.19584894180298
Client 0, submit!, batch_idx is 1954
Client 0 finished! Wait! It took 30.19850182533264
Client 0, submit!, batch_idx is 1955
Client 0 finished! Wait! It took 29.998127698898315
Client 0, submit!, batch_idx is 1956
Client 0 finished! Wait! It took 29.946988821029663
Client 0, submit!, batch_idx is 1957
Client 0 finished! Wait! It took 29.962749481201172
Client 0, submit!, batch_idx is 1958
Client 0 finished! Wait! It took 29.996469259262085
Client 0, submit!, batch_idx is 1959
Client 0 finished! Wait! It took 30.01161813735962
Client 0, submit!, batch_idx is 1960
Client 0 finished! Wait! It took 30.005842924118042
Client 0, submit!, batch_idx is 1961
Client 0 finished! Wait! It took 30.056870937347412
Client 0, submit!, batch_idx is 1962
Client 0 finished! Wait! It took 30.09302568435669
Client 0, submit!, batch_idx is 1963
Client 0 finished! Wait! It took 30.07645869255066
Client 0, submit!, batch_idx is 1964
Client 0 finished! Wait! It took 30.1132390499115
Client 0, submit!, batch_idx is 1965
Client 0 finished! Wait! It took 30.13629722595215
Client 0, submit!, batch_idx is 1966
Client 0 finished! Wait! It took 30.157503366470337
Client 0, submit!, batch_idx is 1967
Client 0 finished! Wait! It took 30.20522975921631
Client 0, submit!, batch_idx is 1968
Client 0 finished! Wait! It took 30.242846250534058
Client 0, submit!, batch_idx is 1969
Client 0 finished! Wait! It took 30.282188415527344
Client 0, submit!, batch_idx is 1970
Client 0 finished! Wait! It took 30.33686661720276
Client 0, submit!, batch_idx is 1971
Client 0 finished! Wait! It took 30.391494035720825
Client 0, submit!, batch_idx is 1972
Client 0 finished! Wait! It took 30.376076221466064
Client 0, submit!, batch_idx is 1973
Client 0 finished! Wait! It took 30.418915271759033
Client 0, submit!, batch_idx is 1974
Client 0 finished! Wait! It took 30.44529914855957
Client 0, submit!, batch_idx is 1975
Client 0 finished! Wait! It took 30.487096071243286
Client 0, submit!, batch_idx is 1976
Client 0 finished! Wait! It took 30.4309024810791
Client 0, submit!, batch_idx is 1977
Client 0 finished! Wait! It took 30.47597646713257
Client 0, submit!, batch_idx is 1978
Client 0 finished! Wait! It took 30.50940251350403
Client 0, submit!, batch_idx is 1979
Client 0 finished! Wait! It took 30.483886003494263
Client 0, submit!, batch_idx is 1980
Client 0 finished! Wait! It took 30.467304944992065
Client 0, submit!, batch_idx is 1981
Client 0 finished! Wait! It took 30.516191005706787
Client 0, submit!, batch_idx is 1982
Client 0 finished! Wait! It took 30.50798463821411
Client 0, submit!, batch_idx is 1983
Client 0 finished! Wait! It took 30.539064645767212
Client 0, submit!, batch_idx is 1984
Client 0 finished! Wait! It took 30.56825828552246
Client 0, submit!, batch_idx is 1985
Client 0 finished! Wait! It took 30.61820936203003
Client 0, submit!, batch_idx is 1986
Client 0 finished! Wait! It took 30.670708417892456
Client 0, submit!, batch_idx is 1987
Client 0 finished! Wait! It took 30.674533128738403
Client 0, submit!, batch_idx is 1988
Client 0 finished! Wait! It took 30.70293116569519
Client 0, submit!, batch_idx is 1989
Client 0 finished! Wait! It took 30.736007690429688
Client 0, submit!, batch_idx is 1990
Client 0 finished! Wait! It took 30.739156246185303
Client 0, submit!, batch_idx is 1991
Client 0 finished! Wait! It took 30.73673439025879
Client 0, submit!, batch_idx is 1992
Client 0 finished! Wait! It took 30.785420656204224
Client 0, submit!, batch_idx is 1993
Client 0 finished! Wait! It took 30.803529262542725
Client 0, submit!, batch_idx is 1994
Client 0 finished! Wait! It took 30.853507041931152
Client 0, submit!, batch_idx is 1995
Client 0 finished! Wait! It took 30.85367774963379
Client 0, submit!, batch_idx is 1996
Client 0 finished! Wait! It took 30.866347789764404
Client 0, submit!, batch_idx is 1997
Client 0 finished! Wait! It took 30.796500205993652
Client 0, submit!, batch_idx is 1998
Client 0 finished! Wait! It took 30.849698543548584
Client 0, submit!, batch_idx is 1999
Client 0 finished! Wait! It took 30.90293025970459
Client 0, submit!, batch_idx is 2000
Client 0 finished! Wait! It took 30.945531845092773
Client 0, submit!, batch_idx is 2001
Client 0 finished! Wait! It took 30.990655183792114
Client 0, submit!, batch_idx is 2002
Client 0 finished! Wait! It took 31.036126852035522
Client 0, submit!, batch_idx is 2003
Client 0 finished! Wait! It took 30.997214794158936
Client 0, submit!, batch_idx is 2004
Client 0 finished! Wait! It took 31.041357040405273
Client 0, submit!, batch_idx is 2005
Client 0 finished! Wait! It took 31.08451557159424
Client 0, submit!, batch_idx is 2006
Client 0 finished! Wait! It took 31.08448576927185
Client 0, submit!, batch_idx is 2007
Client 0 finished! Wait! It took 31.116641759872437
Client 0, submit!, batch_idx is 2008
Client 0 finished! Wait! It took 31.112332105636597
Client 0, submit!, batch_idx is 2009
Client 0 finished! Wait! It took 31.165244340896606
Client 0, submit!, batch_idx is 2010
Client 0 finished! Wait! It took 31.194103956222534
Client 0, submit!, batch_idx is 2011
Client 0 finished! Wait! It took 31.248440742492676
Client 0, submit!, batch_idx is 2012
Client 0 finished! Wait! It took 31.30143690109253
Client 0, submit!, batch_idx is 2013
Client 0 finished! Wait! It took 31.262537717819214
Client 0, submit!, batch_idx is 2014
Client 0 finished! Wait! It took 31.31250524520874
Client 0, submit!, batch_idx is 2015
Client 0 finished! Wait! It took 31.338943004608154
Client 0, submit!, batch_idx is 2016
Client 0 finished! Wait! It took 31.37506890296936
Client 0, submit!, batch_idx is 2017
Client 0 finished! Wait! It took 31.41474151611328
Client 0, submit!, batch_idx is 2018
Client 0 finished! Wait! It took 31.378286123275757
Client 0, submit!, batch_idx is 2019
Client 0 finished! Wait! It took 31.43314266204834
Client 0, submit!, batch_idx is 2020
Client 0 finished! Wait! It took 31.445183515548706
Client 0, submit!, batch_idx is 2021
Client 0 finished! Wait! It took 31.368727445602417
Client 0, submit!, batch_idx is 2022
Client 0 finished! Wait! It took 31.391480922698975
Client 0, submit!, batch_idx is 2023
Client 0 finished! Wait! It took 31.33671736717224
Client 0, submit!, batch_idx is 2024
Client 0 finished! Wait! It took 31.390297889709473
Client 0, submit!, batch_idx is 2025
Client 0 finished! Wait! It took 31.424193859100342
Client 0, submit!, batch_idx is 2026
Client 0 finished! Wait! It took 31.46790885925293
Client 0, submit!, batch_idx is 2027
Client 0 finished! Wait! It took 31.471328258514404
Client 0, submit!, batch_idx is 2028
Client 0 finished! Wait! It took 31.367835521697998
Client 0, submit!, batch_idx is 2029
Client 0 finished! Wait! It took 31.41201615333557
Client 0, submit!, batch_idx is 2030
Client 0 finished! Wait! It took 31.42511296272278
Client 0, submit!, batch_idx is 2031
Client 0 finished! Wait! It took 31.471728801727295
Client 0, submit!, batch_idx is 2032
Client 0 finished! Wait! It took 31.494303941726685
Client 0, submit!, batch_idx is 2033
Client 0 finished! Wait! It took 31.52499008178711
Client 0, submit!, batch_idx is 2034
Client 0 finished! Wait! It took 31.43762993812561
Client 0, submit!, batch_idx is 2035
Client 0 finished! Wait! It took 31.45577645301819
Client 0, submit!, batch_idx is 2036
Client 0 finished! Wait! It took 31.494280099868774
Client 0, submit!, batch_idx is 2037
Client 0 finished! Wait! It took 31.545246362686157
Client 0, submit!, batch_idx is 2038
Client 0 finished! Wait! It took 31.594323873519897
Client 0, submit!, batch_idx is 2039
Client 0 finished! Wait! It took 31.63967776298523
Client 0, submit!, batch_idx is 2040
Client 0 finished! Wait! It took 31.6841983795166
Client 0, submit!, batch_idx is 2041
Client 0 finished! Wait! It took 31.66497254371643
Client 0, submit!, batch_idx is 2042
Client 0 finished! Wait! It took 31.688710689544678
Client 0, submit!, batch_idx is 2043
Client 0 finished! Wait! It took 31.714935779571533
Client 0, submit!, batch_idx is 2044
Client 0 finished! Wait! It took 31.766940355300903
Client 0, submit!, batch_idx is 2045
Client 0 finished! Wait! It took 31.7439603805542
Client 0, submit!, batch_idx is 2046
Client 0 finished! Wait! It took 31.748257398605347
Client 0, submit!, batch_idx is 2047
Client 0 finished! Wait! It took 31.801305770874023
Client 0, submit!, batch_idx is 2048
Client 0 finished! Wait! It took 31.807670831680298
Client 0, submit!, batch_idx is 2049
Client 0 finished! Wait! It took 31.831863164901733
Client 0, submit!, batch_idx is 2050
Client 0 finished! Wait! It took 31.88419818878174
Client 0, submit!, batch_idx is 2051
Client 0 finished! Wait! It took 31.915494680404663
Client 0, submit!, batch_idx is 2052
Client 0 finished! Wait! It took 31.945035457611084
Client 0, submit!, batch_idx is 2053
Client 0 finished! Wait! It took 31.993478536605835
Client 0, submit!, batch_idx is 2054
Client 0 finished! Wait! It took 31.932559490203857
Client 0, submit!, batch_idx is 2055
Client 0 finished! Wait! It took 31.91252636909485
Client 0, submit!, batch_idx is 2056
Client 0 finished! Wait! It took 31.92414617538452
Client 0, submit!, batch_idx is 2057
Client 0 finished! Wait! It took 31.956158876419067
Client 0, submit!, batch_idx is 2058
Client 0 finished! Wait! It took 31.99218726158142
Client 0, submit!, batch_idx is 2059
Client 0 finished! Wait! It took 32.00615072250366
Client 0, submit!, batch_idx is 2060
Client 0 finished! Wait! It took 32.03160047531128
Client 0, submit!, batch_idx is 2061
Client 0 finished! Wait! It took 32.08466410636902
Client 0, submit!, batch_idx is 2062
Client 0 finished! Wait! It took 32.111520290374756
Client 0, submit!, batch_idx is 2063
Client 0 finished! Wait! It took 32.1015567779541
Client 0, submit!, batch_idx is 2064
Client 0 finished! Wait! It took 32.13259816169739
Client 0, submit!, batch_idx is 2065
Client 0 finished! Wait! It took 32.186553716659546
Client 0, submit!, batch_idx is 2066
Client 0 finished! Wait! It took 32.180479764938354
Client 0, submit!, batch_idx is 2067
Client 0 finished! Wait! It took 32.22719669342041
Client 0, submit!, batch_idx is 2068
Client 0 finished! Wait! It took 32.27104043960571
Client 0, submit!, batch_idx is 2069
Client 0 finished! Wait! It took 32.31947612762451
Client 0, submit!, batch_idx is 2070
Client 0 finished! Wait! It took 32.35901165008545
Client 0, submit!, batch_idx is 2071
Client 0 finished! Wait! It took 32.358256816864014
Client 0, submit!, batch_idx is 2072
Client 0 finished! Wait! It took 32.384751081466675
Client 0, submit!, batch_idx is 2073
Client 0 finished! Wait! It took 32.43164587020874
Client 0, submit!, batch_idx is 2074
Client 0 finished! Wait! It took 32.40317702293396
Client 0, submit!, batch_idx is 2075
Client 0 finished! Wait! It took 32.3739800453186
Client 0, submit!, batch_idx is 2076
Client 0 finished! Wait! It took 32.34808707237244
Client 0, submit!, batch_idx is 2077
Client 0 finished! Wait! It took 32.39276909828186
Client 0, submit!, batch_idx is 2078
Client 0 finished! Wait! It took 32.42438817024231
Client 0, submit!, batch_idx is 2079
Client 0 finished! Wait! It took 32.31212663650513
Client 0, submit!, batch_idx is 2080
Client 0 finished! Wait! It took 32.30857968330383
Client 0, submit!, batch_idx is 2081
Client 0 finished! Wait! It took 32.36331367492676
Client 0, submit!, batch_idx is 2082
Client 0 finished! Wait! It took 32.41620898246765
Client 0, submit!, batch_idx is 2083
Client 0 finished! Wait! It took 32.44699788093567
Client 0, submit!, batch_idx is 2084
Client 0 finished! Wait! It took 32.407004594802856
Client 0, submit!, batch_idx is 2085
Client 0 finished! Wait! It took 32.431673765182495
Client 0, submit!, batch_idx is 2086
Client 0 finished! Wait! It took 32.45999574661255
Client 0, submit!, batch_idx is 2087
Client 0 finished! Wait! It took 32.51232933998108
Client 0, submit!, batch_idx is 2088
Client 0 finished! Wait! It took 32.5250346660614
Client 0, submit!, batch_idx is 2089
Client 0 finished! Wait! It took 32.511988401412964
Client 0, submit!, batch_idx is 2090
Client 0 finished! Wait! It took 32.54869508743286
Client 0, submit!, batch_idx is 2091
Client 0 finished! Wait! It took 32.54476976394653
Client 0, submit!, batch_idx is 2092
Client 0 finished! Wait! It took 32.46711182594299
Client 0, submit!, batch_idx is 2093
Client 0 finished! Wait! It took 32.51360011100769
Client 0, submit!, batch_idx is 2094
Client 0 finished! Wait! It took 32.53980612754822
Client 0, submit!, batch_idx is 2095
Client 0 finished! Wait! It took 32.58190631866455
Client 0, submit!, batch_idx is 2096
Client 0 finished! Wait! It took 32.57466197013855
Client 0, submit!, batch_idx is 2097
Client 0 finished! Wait! It took 32.59617257118225
Client 0, submit!, batch_idx is 2098
Client 0 finished! Wait! It took 32.61151051521301
Client 0, submit!, batch_idx is 2099
Client 0 finished! Wait! It took 32.60343337059021
Client 0, submit!, batch_idx is 2100
Client 0 finished! Wait! It took 32.63886785507202
Client 0, submit!, batch_idx is 2101
Client 0 finished! Wait! It took 32.595826864242554
Client 0, submit!, batch_idx is 2102
Client 0 finished! Wait! It took 32.62109637260437
Client 0, submit!, batch_idx is 2103
Client 0 finished! Wait! It took 32.66982173919678
Client 0, submit!, batch_idx is 2104
Client 0 finished! Wait! It took 32.67759823799133
Client 0, submit!, batch_idx is 2105
Client 0 finished! Wait! It took 32.66983699798584
Client 0, submit!, batch_idx is 2106
Client 0 finished! Wait! It took 32.71024560928345
Client 0, submit!, batch_idx is 2107
Client 0 finished! Wait! It took 32.688223123550415
Client 0, submit!, batch_idx is 2108
Client 0 finished! Wait! It took 32.64931273460388
Client 0, submit!, batch_idx is 2109
Client 0 finished! Wait! It took 32.69227576255798
Client 0, submit!, batch_idx is 2110
Client 0 finished! Wait! It took 32.58374881744385
Client 0, submit!, batch_idx is 2111
Client 0 finished! Wait! It took 32.63335156440735
Client 0, submit!, batch_idx is 2112
Client 0 finished! Wait! It took 32.68016839027405
Client 0, submit!, batch_idx is 2113
Client 0 finished! Wait! It took 32.72771143913269
Client 0, submit!, batch_idx is 2114
Client 0 finished! Wait! It took 32.69363307952881
Client 0, submit!, batch_idx is 2115
Client 0 finished! Wait! It took 32.70692420005798
Client 0, submit!, batch_idx is 2116
Client 0 finished! Wait! It took 32.75603985786438
Client 0, submit!, batch_idx is 2117
Client 0 finished! Wait! It took 32.78855347633362
Client 0, submit!, batch_idx is 2118
Client 0 finished! Wait! It took 32.8061044216156
Client 0, submit!, batch_idx is 2119
Client 0 finished! Wait! It took 32.85828471183777
Client 0, submit!, batch_idx is 2120
Client 0 finished! Wait! It took 32.82820987701416
Client 0, submit!, batch_idx is 2121
Client 0 finished! Wait! It took 32.81880068778992
Client 0, submit!, batch_idx is 2122
Client 0 finished! Wait! It took 32.84659147262573
Client 0, submit!, batch_idx is 2123
Client 0 finished! Wait! It took 32.76729416847229
Client 0, submit!, batch_idx is 2124
Client 0 finished! Wait! It took 32.80258250236511
Client 0, submit!, batch_idx is 2125
Client 0 finished! Wait! It took 32.69255805015564
Client 0, submit!, batch_idx is 2126
Client 0 finished! Wait! It took 32.70425200462341
Client 0, submit!, batch_idx is 2127
Client 0 finished! Wait! It took 32.71966886520386
Client 0, submit!, batch_idx is 2128
Client 0 finished! Wait! It took 32.76806306838989
Client 0, submit!, batch_idx is 2129
Client 0 finished! Wait! It took 32.73830771446228
Client 0, submit!, batch_idx is 2130
Client 0 finished! Wait! It took 32.771743059158325
Client 0, submit!, batch_idx is 2131
Client 0 finished! Wait! It took 32.82067918777466
Client 0, submit!, batch_idx is 2132
Client 0 finished! Wait! It took 32.87695813179016
Client 0, submit!, batch_idx is 2133
Client 0 finished! Wait! It took 32.89975833892822
Client 0, submit!, batch_idx is 2134
Client 0 finished! Wait! It took 32.925662994384766
Client 0, submit!, batch_idx is 2135
Client 0 finished! Wait! It took 32.93079662322998
Client 0, submit!, batch_idx is 2136
Client 0 finished! Wait! It took 32.899638414382935
Client 0, submit!, batch_idx is 2137
Client 0 finished! Wait! It took 32.95312285423279
Client 0, submit!, batch_idx is 2138
Client 0 finished! Wait! It took 32.95633268356323
Client 0, submit!, batch_idx is 2139
Client 0 finished! Wait! It took 33.0037055015564
Client 0, submit!, batch_idx is 2140
Client 0 finished! Wait! It took 32.98124980926514
Client 0, submit!, batch_idx is 2141
Client 0 finished! Wait! It took 32.9685595035553
Client 0, submit!, batch_idx is 2142
Client 0 finished! Wait! It took 32.993088245391846
Client 0, submit!, batch_idx is 2143
Client 0 finished! Wait! It took 32.99928522109985
Client 0, submit!, batch_idx is 2144
Client 0 finished! Wait! It took 33.04009437561035
Client 0, submit!, batch_idx is 2145
Client 0 finished! Wait! It took 33.070263385772705
Client 0, submit!, batch_idx is 2146
Client 0 finished! Wait! It took 33.057066679000854
Client 0, submit!, batch_idx is 2147
Client 0 finished! Wait! It took 33.08831238746643
Client 0, submit!, batch_idx is 2148
Client 0 finished! Wait! It took 33.12628698348999
Client 0, submit!, batch_idx is 2149
Client 0 finished! Wait! It took 33.15484285354614
Client 0, submit!, batch_idx is 2150
Client 0 finished! Wait! It took 33.14003610610962
Client 0, submit!, batch_idx is 2151
Client 0 finished! Wait! It took 33.17936444282532
Client 0, submit!, batch_idx is 2152
Client 0 finished! Wait! It took 33.22771859169006
Client 0, submit!, batch_idx is 2153
Client 0 finished! Wait! It took 33.23492455482483
Client 0, submit!, batch_idx is 2154
Client 0 finished! Wait! It took 33.22226619720459
Client 0, submit!, batch_idx is 2155
Client 0 finished! Wait! It took 33.27512073516846
Client 0, submit!, batch_idx is 2156
Client 0 finished! Wait! It took 33.32098364830017
Client 0, submit!, batch_idx is 2157
Client 0 finished! Wait! It took 33.37170124053955
Client 0, submit!, batch_idx is 2158
Client 0 finished! Wait! It took 33.410316944122314
Client 0, submit!, batch_idx is 2159
Client 0 finished! Wait! It took 33.442344188690186
Client 0, submit!, batch_idx is 2160
Client 0 finished! Wait! It took 33.442771673202515
Client 0, submit!, batch_idx is 2161
Client 0 finished! Wait! It took 33.456400632858276
Client 0, submit!, batch_idx is 2162
Client 0 finished! Wait! It took 33.47352313995361
Client 0, submit!, batch_idx is 2163
Client 0 finished! Wait! It took 33.51183867454529
Client 0, submit!, batch_idx is 2164
Client 0 finished! Wait! It took 33.49423933029175
Client 0, submit!, batch_idx is 2165
Client 0 finished! Wait! It took 33.525694370269775
Client 0, submit!, batch_idx is 2166
Client 0 finished! Wait! It took 33.42756390571594
Client 0, submit!, batch_idx is 2167
Client 0 finished! Wait! It took 33.44316077232361
Client 0, submit!, batch_idx is 2168
Client 0 finished! Wait! It took 33.493404150009155
Client 0, submit!, batch_idx is 2169
Client 0 finished! Wait! It took 33.504385471343994
Client 0, submit!, batch_idx is 2170
Client 0 finished! Wait! It took 33.54539251327515
Client 0, submit!, batch_idx is 2171
Client 0 finished! Wait! It took 33.55471110343933
Client 0, submit!, batch_idx is 2172
Client 0 finished! Wait! It took 33.60774803161621
Client 0, submit!, batch_idx is 2173
Client 0 finished! Wait! It took 33.655742168426514
Client 0, submit!, batch_idx is 2174
Client 0 finished! Wait! It took 33.633970737457275
Client 0, submit!, batch_idx is 2175
Client 0 finished! Wait! It took 33.67920255661011
Client 0, submit!, batch_idx is 2176
Client 0 finished! Wait! It took 33.662323236465454
Client 0, submit!, batch_idx is 2177
Client 0 finished! Wait! It took 33.704880237579346
Client 0, submit!, batch_idx is 2178
Client 0 finished! Wait! It took 33.7194287776947
Client 0, submit!, batch_idx is 2179
Client 0 finished! Wait! It took 33.72776222229004
Client 0, submit!, batch_idx is 2180
Client 0 finished! Wait! It took 33.75477957725525
Client 0, submit!, batch_idx is 2181
Client 0 finished! Wait! It took 33.79588508605957
Client 0, submit!, batch_idx is 2182
Client 0 finished! Wait! It took 33.84211850166321
Client 0, submit!, batch_idx is 2183
Client 0 finished! Wait! It took 33.898051500320435
Client 0, submit!, batch_idx is 2184
Client 0 finished! Wait! It took 33.94067907333374
Client 0, submit!, batch_idx is 2185
Client 0 finished! Wait! It took 33.95532512664795
Client 0, submit!, batch_idx is 2186
Client 0 finished! Wait! It took 33.90090250968933
Client 0, submit!, batch_idx is 2187
Client 0 finished! Wait! It took 33.875662088394165
Client 0, submit!, batch_idx is 2188
Client 0 finished! Wait! It took 33.8732545375824
Client 0, submit!, batch_idx is 2189
Client 0 finished! Wait! It took 33.866849422454834
Client 0, submit!, batch_idx is 2190
Client 0 finished! Wait! It took 33.87904739379883
Client 0, submit!, batch_idx is 2191
Client 0 finished! Wait! It took 33.92295050621033
Client 0, submit!, batch_idx is 2192
Client 0 finished! Wait! It took 33.88463830947876
Client 0, submit!, batch_idx is 2193
Client 0 finished! Wait! It took 33.89598250389099
Client 0, submit!, batch_idx is 2194
Client 0 finished! Wait! It took 33.91902828216553
Client 0, submit!, batch_idx is 2195
Client 0 finished! Wait! It took 33.97014141082764
Client 0, submit!, batch_idx is 2196
Client 0 finished! Wait! It took 34.002119302749634
Client 0, submit!, batch_idx is 2197
Client 0 finished! Wait! It took 34.033079385757446
Client 0, submit!, batch_idx is 2198
Client 0 finished! Wait! It took 34.00877380371094
Client 0, submit!, batch_idx is 2199
Client 0 finished! Wait! It took 34.03283143043518
Client 0, submit!, batch_idx is 2200
Client 0 finished! Wait! It took 34.06960129737854
Client 0, submit!, batch_idx is 2201
Client 0 finished! Wait! It took 33.97496938705444
Client 0, submit!, batch_idx is 2202
Client 0 finished! Wait! It took 34.025986433029175
Client 0, submit!, batch_idx is 2203
Client 0 finished! Wait! It took 34.05984711647034
Client 0, submit!, batch_idx is 2204
Client 0 finished! Wait! It took 34.11406874656677
Client 0, submit!, batch_idx is 2205
Client 0 finished! Wait! It took 34.11744523048401
Client 0, submit!, batch_idx is 2206
Client 0 finished! Wait! It took 34.07443976402283
Client 0, submit!, batch_idx is 2207
Client 0 finished! Wait! It took 34.11699366569519
Client 0, submit!, batch_idx is 2208
Client 0 finished! Wait! It took 34.0945041179657
Client 0, submit!, batch_idx is 2209
Client 0 finished! Wait! It took 34.13660001754761
Client 0, submit!, batch_idx is 2210
Client 0 finished! Wait! It took 34.096768856048584
Client 0, submit!, batch_idx is 2211
Client 0 finished! Wait! It took 34.096866846084595
Client 0, submit!, batch_idx is 2212
Client 0 finished! Wait! It took 34.08855676651001
Client 0, submit!, batch_idx is 2213
Client 0 finished! Wait! It took 34.14483666419983
Client 0, submit!, batch_idx is 2214
Client 0 finished! Wait! It took 34.06915497779846
Client 0, submit!, batch_idx is 2215
Client 0 finished! Wait! It took 34.07403540611267
Client 0, submit!, batch_idx is 2216
Client 0 finished! Wait! It took 34.11521530151367
Client 0, submit!, batch_idx is 2217
Client 0 finished! Wait! It took 34.10047650337219
Client 0, submit!, batch_idx is 2218
Client 0 finished! Wait! It took 34.144275188446045
Client 0, submit!, batch_idx is 2219
Client 0 finished! Wait! It took 34.11748433113098
Client 0, submit!, batch_idx is 2220
Client 0 finished! Wait! It took 34.16844630241394
Client 0, submit!, batch_idx is 2221
Client 0 finished! Wait! It took 34.17571759223938
Client 0, submit!, batch_idx is 2222
Client 0 finished! Wait! It took 34.20033025741577
Client 0, submit!, batch_idx is 2223
Client 0 finished! Wait! It took 34.25212359428406
Client 0, submit!, batch_idx is 2224
Client 0 finished! Wait! It took 34.296770334243774
Client 0, submit!, batch_idx is 2225
Client 0 finished! Wait! It took 34.35195851325989
Client 0, submit!, batch_idx is 2226
Client 0 finished! Wait! It took 34.382352352142334
Client 0, submit!, batch_idx is 2227
Client 0 finished! Wait! It took 34.423964738845825
Client 0, submit!, batch_idx is 2228
Client 0 finished! Wait! It took 34.44434142112732
Client 0, submit!, batch_idx is 2229
Client 0 finished! Wait! It took 34.486124753952026
Client 0, submit!, batch_idx is 2230
Client 0 finished! Wait! It took 34.52752494812012
Client 0, submit!, batch_idx is 2231
Client 0 finished! Wait! It took 34.528791666030884
Client 0, submit!, batch_idx is 2232
Client 0 finished! Wait! It took 34.582813024520874
Client 0, submit!, batch_idx is 2233
Client 0 finished! Wait! It took 34.546571493148804
Client 0, submit!, batch_idx is 2234
Client 0 finished! Wait! It took 34.52720499038696
Client 0, submit!, batch_idx is 2235
Client 0 finished! Wait! It took 34.539233446121216
Client 0, submit!, batch_idx is 2236
Client 0 finished! Wait! It took 34.55920195579529
Client 0, submit!, batch_idx is 2237
Client 0 finished! Wait! It took 34.5257670879364
Client 0, submit!, batch_idx is 2238
Client 0 finished! Wait! It took 34.5733118057251
Client 0, submit!, batch_idx is 2239
Client 0 finished! Wait! It took 34.62593936920166
Client 0, submit!, batch_idx is 2240
Client 0 finished! Wait! It took 34.670655250549316
Client 0, submit!, batch_idx is 2241
Client 0 finished! Wait! It took 34.663073778152466
Client 0, submit!, batch_idx is 2242
Client 0 finished! Wait! It took 34.71755266189575
Client 0, submit!, batch_idx is 2243
Client 0 finished! Wait! It took 34.738258600234985
Client 0, submit!, batch_idx is 2244
Client 0 finished! Wait! It took 34.57849740982056
Client 0, submit!, batch_idx is 2245
Client 0 finished! Wait! It took 34.556750774383545
Client 0, submit!, batch_idx is 2246
Client 0 finished! Wait! It took 34.58293080329895
Client 0, submit!, batch_idx is 2247
Client 0 finished! Wait! It took 34.63600492477417
Client 0, submit!, batch_idx is 2248
Client 0 finished! Wait! It took 34.62076163291931
Client 0, submit!, batch_idx is 2249
Client 0 finished! Wait! It took 34.6410756111145
Client 0, submit!, batch_idx is 2250
Client 0 finished! Wait! It took 34.6919207572937
Client 0, submit!, batch_idx is 2251
Client 0 finished! Wait! It took 34.74369716644287
Client 0, submit!, batch_idx is 2252
Client 0 finished! Wait! It took 34.70349454879761
Client 0, submit!, batch_idx is 2253
Client 0 finished! Wait! It took 34.71494698524475
Client 0, submit!, batch_idx is 2254
Client 0 finished! Wait! It took 34.70006060600281
Client 0, submit!, batch_idx is 2255
Client 0 finished! Wait! It took 34.67171502113342
Client 0, submit!, batch_idx is 2256
Client 0 finished! Wait! It took 34.69455051422119
Client 0, submit!, batch_idx is 2257
Client 0 finished! Wait! It took 34.721232414245605
Client 0, submit!, batch_idx is 2258
Client 0 finished! Wait! It took 34.754398822784424
Client 0, submit!, batch_idx is 2259
Client 0 finished! Wait! It took 34.794912815093994
Client 0, submit!, batch_idx is 2260
Client 0 finished! Wait! It took 34.8280303478241
Client 0, submit!, batch_idx is 2261
Client 0 finished! Wait! It took 34.82423758506775
Client 0, submit!, batch_idx is 2262
Client 0 finished! Wait! It took 34.84351325035095
Client 0, submit!, batch_idx is 2263
Client 0 finished! Wait! It took 34.810917139053345
Client 0, submit!, batch_idx is 2264
Client 0 finished! Wait! It took 34.84310483932495
Client 0, submit!, batch_idx is 2265
Client 0 finished! Wait! It took 34.86150550842285
Client 0, submit!, batch_idx is 2266
Client 0 finished! Wait! It took 34.877291440963745
Client 0, submit!, batch_idx is 2267
Client 0 finished! Wait! It took 34.89721894264221
Client 0, submit!, batch_idx is 2268
Client 0 finished! Wait! It took 34.90457582473755
Client 0, submit!, batch_idx is 2269
Client 0 finished! Wait! It took 34.9494264125824
Client 0, submit!, batch_idx is 2270
Client 0 finished! Wait! It took 34.97666049003601
Client 0, submit!, batch_idx is 2271
Client 0 finished! Wait! It took 35.02794027328491
Client 0, submit!, batch_idx is 2272
Client 0 finished! Wait! It took 35.064483880996704
Client 0, submit!, batch_idx is 2273
Client 0 finished! Wait! It took 35.09471559524536
Client 0, submit!, batch_idx is 2274
Client 0 finished! Wait! It took 35.1085638999939
Client 0, submit!, batch_idx is 2275
Client 0 finished! Wait! It took 35.043960094451904
Client 0, submit!, batch_idx is 2276
Client 0 finished! Wait! It took 35.0629665851593
Client 0, submit!, batch_idx is 2277
Client 0 finished! Wait! It took 35.064284801483154
Client 0, submit!, batch_idx is 2278
Client 0 finished! Wait! It took 35.091840505599976
Client 0, submit!, batch_idx is 2279
Client 0 finished! Wait! It took 35.10730504989624
Client 0, submit!, batch_idx is 2280
Client 0 finished! Wait! It took 35.16037559509277
Client 0, submit!, batch_idx is 2281
Client 0 finished! Wait! It took 35.205766439437866
Client 0, submit!, batch_idx is 2282
Client 0 finished! Wait! It took 35.24375081062317
Client 0, submit!, batch_idx is 2283
Client 0 finished! Wait! It took 35.274110078811646
Client 0, submit!, batch_idx is 2284
Client 0 finished! Wait! It took 35.32794117927551
Client 0, submit!, batch_idx is 2285
Client 0 finished! Wait! It took 35.37771725654602
Client 0, submit!, batch_idx is 2286
Client 0 finished! Wait! It took 35.42065644264221
Client 0, submit!, batch_idx is 2287
Client 0 finished! Wait! It took 35.33398747444153
Client 0, submit!, batch_idx is 2288
Client 0 finished! Wait! It took 35.37370705604553
Client 0, submit!, batch_idx is 2289
Client 0 finished! Wait! It took 35.40312933921814
Client 0, submit!, batch_idx is 2290
Client 0 finished! Wait! It took 35.45008325576782
Client 0, submit!, batch_idx is 2291
Client 0 finished! Wait! It took 35.46826219558716
Client 0, submit!, batch_idx is 2292
Client 0 finished! Wait! It took 35.511889934539795
Client 0, submit!, batch_idx is 2293
Client 0 finished! Wait! It took 35.5583872795105
Client 0, submit!, batch_idx is 2294
Client 0 finished! Wait! It took 35.58548307418823
Client 0, submit!, batch_idx is 2295
Client 0 finished! Wait! It took 35.64231324195862
Client 0, submit!, batch_idx is 2296
Client 0 finished! Wait! It took 35.6989369392395
Client 0, submit!, batch_idx is 2297
Client 0 finished! Wait! It took 35.74504375457764
Client 0, submit!, batch_idx is 2298
Client 0 finished! Wait! It took 35.799071311950684
Client 0, submit!, batch_idx is 2299
Client 0 finished! Wait! It took 35.850177526474
Client 0, submit!, batch_idx is 2300
Client 0 finished! Wait! It took 35.889320373535156
Client 0, submit!, batch_idx is 2301
Client 0 finished! Wait! It took 35.88038969039917
Client 0, submit!, batch_idx is 2302
Client 0 finished! Wait! It took 35.902138233184814
Client 0, submit!, batch_idx is 2303
Client 0 finished! Wait! It took 35.92913794517517
Client 0, submit!, batch_idx is 2304
Client 0 finished! Wait! It took 35.971012115478516
Client 0, submit!, batch_idx is 2305
Client 0 finished! Wait! It took 35.919607162475586
Client 0, submit!, batch_idx is 2306
Client 0 finished! Wait! It took 35.95637583732605
Client 0, submit!, batch_idx is 2307
Client 0 finished! Wait! It took 36.0095489025116
Client 0, submit!, batch_idx is 2308
Client 0 finished! Wait! It took 36.026824951171875
Client 0, submit!, batch_idx is 2309
Client 0 finished! Wait! It took 36.07938623428345
Client 0, submit!, batch_idx is 2310
Client 0 finished! Wait! It took 36.11947226524353
Client 0, submit!, batch_idx is 2311
Client 0 finished! Wait! It took 36.14816951751709
Client 0, submit!, batch_idx is 2312
Client 0 finished! Wait! It took 36.120943546295166
Client 0, submit!, batch_idx is 2313
Client 0 finished! Wait! It took 36.149396657943726
Client 0, submit!, batch_idx is 2314
Client 0 finished! Wait! It took 36.15690207481384
Client 0, submit!, batch_idx is 2315
Client 0 finished! Wait! It took 36.016197204589844
Client 0, submit!, batch_idx is 2316
Client 0 finished! Wait! It took 36.066169023513794
Client 0, submit!, batch_idx is 2317
Client 0 finished! Wait! It took 36.10920262336731
Client 0, submit!, batch_idx is 2318
Client 0 finished! Wait! It took 36.145060777664185
Client 0, submit!, batch_idx is 2319
Client 0 finished! Wait! It took 36.180288553237915
Client 0, submit!, batch_idx is 2320
Client 0 finished! Wait! It took 36.21588969230652
Client 0, submit!, batch_idx is 2321
Client 0 finished! Wait! It took 36.17627716064453
Client 0, submit!, batch_idx is 2322
Client 0 finished! Wait! It took 36.1819212436676
Client 0, submit!, batch_idx is 2323
Client 0 finished! Wait! It took 36.200380086898804
Client 0, submit!, batch_idx is 2324
Client 0 finished! Wait! It took 36.242549657821655
Client 0, submit!, batch_idx is 2325
Client 0 finished! Wait! It took 36.22874641418457
Client 0, submit!, batch_idx is 2326
Client 0 finished! Wait! It took 36.16037559509277
Client 0, submit!, batch_idx is 2327
Client 0 finished! Wait! It took 36.14768433570862
Client 0, submit!, batch_idx is 2328
Client 0 finished! Wait! It took 36.20438003540039
Client 0, submit!, batch_idx is 2329
Client 0 finished! Wait! It took 36.219706296920776
Client 0, submit!, batch_idx is 2330
Client 0 finished! Wait! It took 36.27333331108093
Client 0, submit!, batch_idx is 2331
Client 0 finished! Wait! It took 36.31713247299194
Client 0, submit!, batch_idx is 2332
Client 0 finished! Wait! It took 36.37058901786804
Client 0, submit!, batch_idx is 2333
Client 0 finished! Wait! It took 36.389225244522095
Client 0, submit!, batch_idx is 2334
Client 0 finished! Wait! It took 36.39863896369934
Client 0, submit!, batch_idx is 2335
Client 0 finished! Wait! It took 36.44948601722717
Client 0, submit!, batch_idx is 2336
Client 0 finished! Wait! It took 36.48581075668335
Client 0, submit!, batch_idx is 2337
Client 0 finished! Wait! It took 36.51711845397949
Client 0, submit!, batch_idx is 2338
Client 0 finished! Wait! It took 36.55440092086792
Client 0, submit!, batch_idx is 2339
Client 0 finished! Wait! It took 36.60498905181885
Client 0, submit!, batch_idx is 2340
Client 0 finished! Wait! It took 36.63917136192322
Client 0, submit!, batch_idx is 2341
Client 0 finished! Wait! It took 36.639206409454346
Client 0, submit!, batch_idx is 2342
Client 0 finished! Wait! It took 36.69234108924866
Client 0, submit!, batch_idx is 2343
Client 0 finished! Wait! It took 36.745962142944336
Client 0, submit!, batch_idx is 2344
Client 0 finished! Wait! It took 36.78504776954651
Client 0, submit!, batch_idx is 2345
Client 0 finished! Wait! It took 36.72730851173401
Client 0, submit!, batch_idx is 2346
Client 0 finished! Wait! It took 36.738818645477295
Client 0, submit!, batch_idx is 2347
Client 0 finished! Wait! It took 36.74934911727905
Client 0, submit!, batch_idx is 2348
Client 0 finished! Wait! It took 36.787115812301636
Client 0, submit!, batch_idx is 2349
Client 0 finished! Wait! It took 36.80682182312012
Client 0, submit!, batch_idx is 2350
Client 0 finished! Wait! It took 36.86195158958435
Client 0, submit!, batch_idx is 2351
Client 0 finished! Wait! It took 36.87716889381409
Client 0, submit!, batch_idx is 2352
Client 0 finished! Wait! It took 36.83511209487915
Client 0, submit!, batch_idx is 2353
Client 0 finished! Wait! It took 36.8530752658844
Client 0, submit!, batch_idx is 2354
Client 0 finished! Wait! It took 36.82627010345459
Client 0, submit!, batch_idx is 2355
Client 0 finished! Wait! It took 36.832098960876465
Client 0, submit!, batch_idx is 2356
Client 0 finished! Wait! It took 36.883986473083496
Client 0, submit!, batch_idx is 2357
Client 0 finished! Wait! It took 36.84765911102295
Client 0, submit!, batch_idx is 2358
Client 0 finished! Wait! It took 36.90082550048828
Client 0, submit!, batch_idx is 2359
Client 0 finished! Wait! It took 36.926018476486206
Client 0, submit!, batch_idx is 2360
Client 0 finished! Wait! It took 36.975828886032104
Client 0, submit!, batch_idx is 2361
Client 0 finished! Wait! It took 37.031081199645996
Client 0, submit!, batch_idx is 2362
Client 0 finished! Wait! It took 37.06514620780945
Client 0, submit!, batch_idx is 2363
Client 0 finished! Wait! It took 37.10814690589905
Client 0, submit!, batch_idx is 2364
Client 0 finished! Wait! It took 37.13718342781067
Client 0, submit!, batch_idx is 2365
Client 0 finished! Wait! It took 37.15838599205017
Client 0, submit!, batch_idx is 2366
Client 0 finished! Wait! It took 37.21232295036316
Client 0, submit!, batch_idx is 2367
Client 0 finished! Wait! It took 37.262818813323975
Client 0, submit!, batch_idx is 2368
Client 0 finished! Wait! It took 37.286031007766724
Client 0, submit!, batch_idx is 2369
Client 0 finished! Wait! It took 37.32487940788269
Client 0, submit!, batch_idx is 2370
Client 0 finished! Wait! It took 37.32858467102051
Client 0, submit!, batch_idx is 2371
Client 0 finished! Wait! It took 37.34305930137634
Client 0, submit!, batch_idx is 2372
Client 0 finished! Wait! It took 37.324013471603394
Client 0, submit!, batch_idx is 2373
Client 0 finished! Wait! It took 37.332409620285034
Client 0, submit!, batch_idx is 2374
Client 0 finished! Wait! It took 37.3656051158905
Client 0, submit!, batch_idx is 2375
Client 0 finished! Wait! It took 37.376585721969604
Client 0, submit!, batch_idx is 2376
Client 0 finished! Wait! It took 37.41940760612488
Client 0, submit!, batch_idx is 2377
Client 0 finished! Wait! It took 37.46047306060791
Client 0, submit!, batch_idx is 2378
Client 0 finished! Wait! It took 37.454181432724
Client 0, submit!, batch_idx is 2379
Client 0 finished! Wait! It took 37.486244678497314
Client 0, submit!, batch_idx is 2380
Client 0 finished! Wait! It took 37.4779007434845
Client 0, submit!, batch_idx is 2381
Client 0 finished! Wait! It took 37.46456813812256
Client 0, submit!, batch_idx is 2382
Client 0 finished! Wait! It took 37.442275285720825
Client 0, submit!, batch_idx is 2383
Client 0 finished! Wait! It took 37.39850115776062
Client 0, submit!, batch_idx is 2384
Client 0 finished! Wait! It took 37.43163776397705
Client 0, submit!, batch_idx is 2385
Client 0 finished! Wait! It took 37.47224235534668
Client 0, submit!, batch_idx is 2386
Client 0 finished! Wait! It took 37.494608640670776
Client 0, submit!, batch_idx is 2387
Client 0 finished! Wait! It took 37.53285527229309
Client 0, submit!, batch_idx is 2388
Client 0 finished! Wait! It took 37.55152249336243
Client 0, submit!, batch_idx is 2389
Client 0 finished! Wait! It took 37.5586416721344
Client 0, submit!, batch_idx is 2390
Client 0 finished! Wait! It took 37.56902098655701
Client 0, submit!, batch_idx is 2391
Client 0 finished! Wait! It took 37.60705590248108
Client 0, submit!, batch_idx is 2392
Client 0 finished! Wait! It took 37.655439615249634
Client 0, submit!, batch_idx is 2393
Client 0 finished! Wait! It took 37.68859100341797
Client 0, submit!, batch_idx is 2394
Client 0 finished! Wait! It took 37.738137006759644
Client 0, submit!, batch_idx is 2395
Client 0 finished! Wait! It took 37.70550775527954
Client 0, submit!, batch_idx is 2396
Client 0 finished! Wait! It took 37.74445676803589
Client 0, submit!, batch_idx is 2397
Client 0 finished! Wait! It took 37.79349493980408
Client 0, submit!, batch_idx is 2398
Client 0 finished! Wait! It took 37.84811449050903
Client 0, submit!, batch_idx is 2399
Client 0 finished! Wait! It took 37.86216115951538
Client 0, submit!, batch_idx is 2400
Client 0 finished! Wait! It took 37.877291679382324
Client 0, submit!, batch_idx is 2401
Client 0 finished! Wait! It took 37.916346073150635
Client 0, submit!, batch_idx is 2402
Client 0 finished! Wait! It took 37.969367027282715
Client 0, submit!, batch_idx is 2403
Client 0 finished! Wait! It took 38.003949880599976
Client 0, submit!, batch_idx is 2404
Client 0 finished! Wait! It took 38.044867277145386
Client 0, submit!, batch_idx is 2405
Client 0 finished! Wait! It took 38.055370569229126
Client 0, submit!, batch_idx is 2406
Client 0 finished! Wait! It took 38.073832511901855
Client 0, submit!, batch_idx is 2407
Client 0 finished! Wait! It took 38.111369132995605
Client 0, submit!, batch_idx is 2408
Client 0 finished! Wait! It took 38.15723919868469
Client 0, submit!, batch_idx is 2409
Client 0 finished! Wait! It took 38.03608536720276
Client 0, submit!, batch_idx is 2410
Client 0 finished! Wait! It took 38.06774926185608
Client 0, submit!, batch_idx is 2411
Client 0 finished! Wait! It took 38.07683205604553
Client 0, submit!, batch_idx is 2412
Client 0 finished! Wait! It took 38.12664866447449
Client 0, submit!, batch_idx is 2413
Client 0 finished! Wait! It took 38.15649890899658
Client 0, submit!, batch_idx is 2414
Client 0 finished! Wait! It took 38.21101498603821
Client 0, submit!, batch_idx is 2415
Client 0 finished! Wait! It took 38.2385687828064
Client 0, submit!, batch_idx is 2416
Client 0 finished! Wait! It took 38.16122007369995
Client 0, submit!, batch_idx is 2417
Client 0 finished! Wait! It took 38.197479009628296
Client 0, submit!, batch_idx is 2418
Client 0 finished! Wait! It took 38.25205421447754
Client 0, submit!, batch_idx is 2419
Client 0 finished! Wait! It took 38.30783820152283
Client 0, submit!, batch_idx is 2420
Client 0 finished! Wait! It took 38.34516620635986
Client 0, submit!, batch_idx is 2421
Client 0 finished! Wait! It took 38.39384913444519
Client 0, submit!, batch_idx is 2422
Client 0 finished! Wait! It took 38.44867658615112
Client 0, submit!, batch_idx is 2423
Client 0 finished! Wait! It took 38.44816017150879
Client 0, submit!, batch_idx is 2424
Client 0 finished! Wait! It took 38.47942304611206
Client 0, submit!, batch_idx is 2425
Client 0 finished! Wait! It took 38.52171492576599
Client 0, submit!, batch_idx is 2426
Client 0 finished! Wait! It took 38.48528814315796
Client 0, submit!, batch_idx is 2427
Client 0 finished! Wait! It took 38.53630208969116
Client 0, submit!, batch_idx is 2428
Client 0 finished! Wait! It took 38.46861982345581
Client 0, submit!, batch_idx is 2429
Client 0 finished! Wait! It took 38.51058101654053
Client 0, submit!, batch_idx is 2430
Client 0 finished! Wait! It took 38.480260610580444
Client 0, submit!, batch_idx is 2431
Client 0 finished! Wait! It took 38.500372648239136
Client 0, submit!, batch_idx is 2432
Client 0 finished! Wait! It took 38.48696208000183
Client 0, submit!, batch_idx is 2433
Client 0 finished! Wait! It took 38.377421140670776
Client 0, submit!, batch_idx is 2434
Client 0 finished! Wait! It took 38.41952610015869
Client 0, submit!, batch_idx is 2435
Client 0 finished! Wait! It took 38.34582161903381
Client 0, submit!, batch_idx is 2436
Client 0 finished! Wait! It took 38.38315963745117
Client 0, submit!, batch_idx is 2437
Client 0 finished! Wait! It took 38.420746088027954
Client 0, submit!, batch_idx is 2438
Client 0 finished! Wait! It took 38.46151852607727
Client 0, submit!, batch_idx is 2439
Client 0 finished! Wait! It took 38.48718571662903
Client 0, submit!, batch_idx is 2440
Client 0 finished! Wait! It took 38.53628873825073
Client 0, submit!, batch_idx is 2441
Client 0 finished! Wait! It took 38.55970764160156
Client 0, submit!, batch_idx is 2442
Client 0 finished! Wait! It took 38.584250926971436
Client 0, submit!, batch_idx is 2443
Client 0 finished! Wait! It took 38.5827751159668
Client 0, submit!, batch_idx is 2444
Client 0 finished! Wait! It took 38.56698799133301
Client 0, submit!, batch_idx is 2445
Client 0 finished! Wait! It took 38.599369049072266
Client 0, submit!, batch_idx is 2446
Client 0 finished! Wait! It took 38.64066219329834
Client 0, submit!, batch_idx is 2447
Client 0 finished! Wait! It took 38.6843466758728
Client 0, submit!, batch_idx is 2448
Client 0 finished! Wait! It took 38.73164224624634
Client 0, submit!, batch_idx is 2449
Client 0 finished! Wait! It took 38.78493523597717
Client 0, submit!, batch_idx is 2450
Client 0 finished! Wait! It took 38.8237624168396
Client 0, submit!, batch_idx is 2451
Client 0 finished! Wait! It took 38.86691331863403
Client 0, submit!, batch_idx is 2452
Client 0 finished! Wait! It took 38.78682065010071
Client 0, submit!, batch_idx is 2453
Client 0 finished! Wait! It took 38.80979657173157
Client 0, submit!, batch_idx is 2454
Client 0 finished! Wait! It took 38.84873008728027
Client 0, submit!, batch_idx is 2455
Client 0 finished! Wait! It took 38.870749711990356
Client 0, submit!, batch_idx is 2456
Client 0 finished! Wait! It took 38.92058038711548
Client 0, submit!, batch_idx is 2457
Client 0 finished! Wait! It took 38.95279097557068
Client 0, submit!, batch_idx is 2458
Client 0 finished! Wait! It took 38.969199895858765
Client 0, submit!, batch_idx is 2459
Client 0 finished! Wait! It took 38.99821853637695
Client 0, submit!, batch_idx is 2460
Client 0 finished! Wait! It took 39.033397912979126
Client 0, submit!, batch_idx is 2461
Client 0 finished! Wait! It took 38.88568735122681
Client 0, submit!, batch_idx is 2462
Client 0 finished! Wait! It took 38.85643672943115
Client 0, submit!, batch_idx is 2463
Client 0 finished! Wait! It took 38.873058795928955
Client 0, submit!, batch_idx is 2464
Client 0 finished! Wait! It took 38.895052433013916
Client 0, submit!, batch_idx is 2465
Client 0 finished! Wait! It took 38.911977767944336
Client 0, submit!, batch_idx is 2466
Client 0 finished! Wait! It took 38.95865440368652
Client 0, submit!, batch_idx is 2467
Client 0 finished! Wait! It took 38.99453115463257
Client 0, submit!, batch_idx is 2468
Client 0 finished! Wait! It took 39.04998779296875
Client 0, submit!, batch_idx is 2469
Client 0 finished! Wait! It took 39.08115220069885
Client 0, submit!, batch_idx is 2470
Client 0 finished! Wait! It took 39.10551857948303
Client 0, submit!, batch_idx is 2471
Client 0 finished! Wait! It took 39.15094780921936
Client 0, submit!, batch_idx is 2472
Client 0 finished! Wait! It took 39.073816776275635
Client 0, submit!, batch_idx is 2473
Client 0 finished! Wait! It took 39.033472299575806
Client 0, submit!, batch_idx is 2474
Client 0 finished! Wait! It took 39.03821134567261
Client 0, submit!, batch_idx is 2475
Client 0 finished! Wait! It took 39.0633704662323
Client 0, submit!, batch_idx is 2476
Client 0 finished! Wait! It took 39.03753423690796
Client 0, submit!, batch_idx is 2477
Client 0 finished! Wait! It took 39.08783721923828
Client 0, submit!, batch_idx is 2478
Client 0 finished! Wait! It took 39.080965518951416
Client 0, submit!, batch_idx is 2479
Client 0 finished! Wait! It took 39.13145685195923
Client 0, submit!, batch_idx is 2480
Client 0 finished! Wait! It took 39.12389254570007
Client 0, submit!, batch_idx is 2481
Client 0 finished! Wait! It took 39.16664361953735
Client 0, submit!, batch_idx is 2482
Client 0 finished! Wait! It took 39.13846707344055
Client 0, submit!, batch_idx is 2483
Client 0 finished! Wait! It took 39.07881736755371
Client 0, submit!, batch_idx is 2484
Client 0 finished! Wait! It took 39.128294229507446
Client 0, submit!, batch_idx is 2485
Client 0 finished! Wait! It took 39.159297704696655
Client 0, submit!, batch_idx is 2486
Client 0 finished! Wait! It took 39.056471824645996
Client 0, submit!, batch_idx is 2487
Client 0 finished! Wait! It took 39.0855987071991
Client 0, submit!, batch_idx is 2488
Client 0 finished! Wait! It took 39.061572313308716
Client 0, submit!, batch_idx is 2489
Client 0 finished! Wait! It took 39.08177733421326
Client 0, submit!, batch_idx is 2490
Client 0 finished! Wait! It took 39.11888289451599
Client 0, submit!, batch_idx is 2491
Client 0 finished! Wait! It took 39.16107726097107
Client 0, submit!, batch_idx is 2492
Client 0 finished! Wait! It took 39.20780277252197
Client 0, submit!, batch_idx is 2493
Client 0 finished! Wait! It took 39.206072092056274
Client 0, submit!, batch_idx is 2494
Client 0 finished! Wait! It took 39.242307901382446
Client 0, submit!, batch_idx is 2495
Client 0 finished! Wait! It took 39.26934337615967
Client 0, submit!, batch_idx is 2496
Client 0 finished! Wait! It took 39.297903537750244
Client 0, submit!, batch_idx is 2497
Client 0 finished! Wait! It took 39.31902241706848
Client 0, submit!, batch_idx is 2498
Client 0 finished! Wait! It took 39.294588804244995
Client 0, submit!, batch_idx is 2499
Client 0 finished! Wait! It took 39.192264556884766
Client 0, submit!, batch_idx is 2500
Client 0 finished! Wait! It took 39.227011919021606
Client 0, submit!, batch_idx is 2501
Client 0 finished! Wait! It took 39.21240544319153
Client 0, submit!, batch_idx is 2502
Client 0 finished! Wait! It took 39.21027183532715
Client 0, submit!, batch_idx is 2503
Client 0 finished! Wait! It took 39.23241686820984
Client 0, submit!, batch_idx is 2504
Client 0 finished! Wait! It took 39.16441822052002
Client 0, submit!, batch_idx is 2505
Client 0 finished! Wait! It took 39.21251082420349
Client 0, submit!, batch_idx is 2506
Client 0 finished! Wait! It took 39.264543533325195
Client 0, submit!, batch_idx is 2507
Client 0 finished! Wait! It took 39.24298071861267
Client 0, submit!, batch_idx is 2508
Client 0 finished! Wait! It took 39.27564573287964
Client 0, submit!, batch_idx is 2509
Client 0 finished! Wait! It took 39.25619864463806
Client 0, submit!, batch_idx is 2510
Client 0 finished! Wait! It took 39.222421407699585
Client 0, submit!, batch_idx is 2511
Client 0 finished! Wait! It took 39.27553033828735
Client 0, submit!, batch_idx is 2512
Client 0 finished! Wait! It took 39.245237827301025
Client 0, submit!, batch_idx is 2513
Client 0 finished! Wait! It took 39.277104139328
Client 0, submit!, batch_idx is 2514
Client 0 finished! Wait! It took 39.30420923233032
Client 0, submit!, batch_idx is 2515
Client 0 finished! Wait! It took 39.32054615020752
Client 0, submit!, batch_idx is 2516
Client 0 finished! Wait! It took 39.27239513397217
Client 0, submit!, batch_idx is 2517
Client 0 finished! Wait! It took 39.32835865020752
Client 0, submit!, batch_idx is 2518
Client 0 finished! Wait! It took 39.35816764831543
Client 0, submit!, batch_idx is 2519
Client 0 finished! Wait! It took 39.36731457710266
Client 0, submit!, batch_idx is 2520
Client 0 finished! Wait! It took 39.371700048446655
Client 0, submit!, batch_idx is 2521
Client 0 finished! Wait! It took 39.38020896911621
Client 0, submit!, batch_idx is 2522
Client 0 finished! Wait! It took 39.43014049530029
Client 0, submit!, batch_idx is 2523
Client 0 finished! Wait! It took 39.471537351608276
Client 0, submit!, batch_idx is 2524
Client 0 finished! Wait! It took 39.50967359542847
Client 0, submit!, batch_idx is 2525
Client 0 finished! Wait! It took 39.50036573410034
Client 0, submit!, batch_idx is 2526
Client 0 finished! Wait! It took 39.544618129730225
Client 0, submit!, batch_idx is 2527
Client 0 finished! Wait! It took 39.59193825721741
Client 0, submit!, batch_idx is 2528
Client 0 finished! Wait! It took 39.521326303482056
Client 0, submit!, batch_idx is 2529
Client 0 finished! Wait! It took 39.57679867744446
Client 0, submit!, batch_idx is 2530
Client 0 finished! Wait! It took 39.387325286865234
Client 0, submit!, batch_idx is 2531
Client 0 finished! Wait! It took 39.397987604141235
Client 0, submit!, batch_idx is 2532
Client 0 finished! Wait! It took 39.38315749168396
Client 0, submit!, batch_idx is 2533
Client 0 finished! Wait! It took 39.425188064575195
Client 0, submit!, batch_idx is 2534
Client 0 finished! Wait! It took 39.48182654380798
Client 0, submit!, batch_idx is 2535
Client 0 finished! Wait! It took 39.485111713409424
Client 0, submit!, batch_idx is 2536
Client 0 finished! Wait! It took 39.469056367874146
Client 0, submit!, batch_idx is 2537
Client 0 finished! Wait! It took 39.470805644989014
Client 0, submit!, batch_idx is 2538
Client 0 finished! Wait! It took 39.52034878730774
Client 0, submit!, batch_idx is 2539
Client 0 finished! Wait! It took 39.52028274536133
Client 0, submit!, batch_idx is 2540
Client 0 finished! Wait! It took 39.51735758781433
Client 0, submit!, batch_idx is 2541
Client 0 finished! Wait! It took 39.53020453453064
Client 0, submit!, batch_idx is 2542
Client 0 finished! Wait! It took 39.527785778045654
Client 0, submit!, batch_idx is 2543
Client 0 finished! Wait! It took 39.508647203445435
Client 0, submit!, batch_idx is 2544
Client 0 finished! Wait! It took 39.52634048461914
Client 0, submit!, batch_idx is 2545
Client 0 finished! Wait! It took 39.578296422958374
Client 0, submit!, batch_idx is 2546
Client 0 finished! Wait! It took 39.60729146003723
Client 0, submit!, batch_idx is 2547
Client 0 finished! Wait! It took 39.65995383262634
Client 0, submit!, batch_idx is 2548
Client 0 finished! Wait! It took 39.69466733932495
Client 0, submit!, batch_idx is 2549
Client 0 finished! Wait! It took 39.729581356048584
Client 0, submit!, batch_idx is 2550
Client 0 finished! Wait! It took 39.782557010650635
Client 0, submit!, batch_idx is 2551
Client 0 finished! Wait! It took 39.82135486602783
Client 0, submit!, batch_idx is 2552
Client 0 finished! Wait! It took 39.87367582321167
Client 0, submit!, batch_idx is 2553
Client 0 finished! Wait! It took 39.86326813697815
Client 0, submit!, batch_idx is 2554
Client 0 finished! Wait! It took 39.80099368095398
Client 0, submit!, batch_idx is 2555
Client 0 finished! Wait! It took 39.85414409637451
Client 0, submit!, batch_idx is 2556
Client 0 finished! Wait! It took 39.786768198013306
Client 0, submit!, batch_idx is 2557
Client 0 finished! Wait! It took 39.81325697898865
Client 0, submit!, batch_idx is 2558
Client 0 finished! Wait! It took 39.85608410835266
Client 0, submit!, batch_idx is 2559
Client 0 finished! Wait! It took 39.90960693359375
Client 0, submit!, batch_idx is 2560
Client 0 finished! Wait! It took 39.937644720077515
Client 0, submit!, batch_idx is 2561
Client 0 finished! Wait! It took 39.93005657196045
Client 0, submit!, batch_idx is 2562
Client 0 finished! Wait! It took 39.93658638000488
Client 0, submit!, batch_idx is 2563
Client 0 finished! Wait! It took 39.990224838256836
Client 0, submit!, batch_idx is 2564
Client 0 finished! Wait! It took 40.042951345443726
Client 0, submit!, batch_idx is 2565
Client 0 finished! Wait! It took 40.07811188697815
Client 0, submit!, batch_idx is 2566
Client 0 finished! Wait! It took 40.11978769302368
Client 0, submit!, batch_idx is 2567
Client 0 finished! Wait! It took 40.1649386882782
Client 0, submit!, batch_idx is 2568
Client 0 finished! Wait! It took 40.20759558677673
Client 0, submit!, batch_idx is 2569
Client 0 finished! Wait! It took 40.198251724243164
Client 0, submit!, batch_idx is 2570
Client 0 finished! Wait! It took 40.14826011657715
Client 0, submit!, batch_idx is 2571
Client 0 finished! Wait! It took 40.18345236778259
Client 0, submit!, batch_idx is 2572
Client 0 finished! Wait! It took 40.14560580253601
Client 0, submit!, batch_idx is 2573
Client 0 finished! Wait! It took 40.18591094017029
Client 0, submit!, batch_idx is 2574
Client 0 finished! Wait! It took 40.215707778930664
Client 0, submit!, batch_idx is 2575
Client 0 finished! Wait! It took 40.26115846633911
Client 0, submit!, batch_idx is 2576
Client 0 finished! Wait! It took 40.275946617126465
Client 0, submit!, batch_idx is 2577
Client 0 finished! Wait! It took 40.17720007896423
Client 0, submit!, batch_idx is 2578
Client 0 finished! Wait! It took 40.196110248565674
Client 0, submit!, batch_idx is 2579
Client 0 finished! Wait! It took 40.234044551849365
Client 0, submit!, batch_idx is 2580
Client 0 finished! Wait! It took 40.24840497970581
Client 0, submit!, batch_idx is 2581
Client 0 finished! Wait! It took 40.29984641075134
Client 0, submit!, batch_idx is 2582
Client 0 finished! Wait! It took 40.26746201515198
Client 0, submit!, batch_idx is 2583
Client 0 finished! Wait! It took 40.29540205001831
Client 0, submit!, batch_idx is 2584
Client 0 finished! Wait! It took 40.327224254608154
Client 0, submit!, batch_idx is 2585
Client 0 finished! Wait! It took 40.34773278236389
Client 0, submit!, batch_idx is 2586
Client 0 finished! Wait! It took 40.36440920829773
Client 0, submit!, batch_idx is 2587
Client 0 finished! Wait! It took 40.417187452316284
Client 0, submit!, batch_idx is 2588
Client 0 finished! Wait! It took 40.426923513412476
Client 0, submit!, batch_idx is 2589
Client 0 finished! Wait! It took 40.47153902053833
Client 0, submit!, batch_idx is 2590
Client 0 finished! Wait! It took 40.477235555648804
Client 0, submit!, batch_idx is 2591
Client 0 finished! Wait! It took 40.46385407447815
Client 0, submit!, batch_idx is 2592
Client 0 finished! Wait! It took 40.45437812805176
Client 0, submit!, batch_idx is 2593
Client 0 finished! Wait! It took 40.47797632217407
Client 0, submit!, batch_idx is 2594
Client 0 finished! Wait! It took 40.50447130203247
Client 0, submit!, batch_idx is 2595
Client 0 finished! Wait! It took 40.55403423309326
Client 0, submit!, batch_idx is 2596
Client 0 finished! Wait! It took 40.55026364326477
Client 0, submit!, batch_idx is 2597
Client 0 finished! Wait! It took 40.59324336051941
Client 0, submit!, batch_idx is 2598
Client 0 finished! Wait! It took 40.62162232398987
Client 0, submit!, batch_idx is 2599
Client 0 finished! Wait! It took 40.66408061981201
Client 0, submit!, batch_idx is 2600
Client 0 finished! Wait! It took 40.714014291763306
Client 0, submit!, batch_idx is 2601
Client 0 finished! Wait! It took 40.73012375831604
Client 0, submit!, batch_idx is 2602
Client 0 finished! Wait! It took 40.78359532356262
Client 0, submit!, batch_idx is 2603
Client 0 finished! Wait! It took 40.78412318229675
Client 0, submit!, batch_idx is 2604
Client 0 finished! Wait! It took 40.82501792907715
Client 0, submit!, batch_idx is 2605
Client 0 finished! Wait! It took 40.88202476501465
Client 0, submit!, batch_idx is 2606
Client 0 finished! Wait! It took 40.910295486450195
Client 0, submit!, batch_idx is 2607
Client 0 finished! Wait! It took 40.96407198905945
Client 0, submit!, batch_idx is 2608
Client 0 finished! Wait! It took 41.006882190704346
Client 0, submit!, batch_idx is 2609
Client 0 finished! Wait! It took 41.01354646682739
Client 0, submit!, batch_idx is 2610
Client 0 finished! Wait! It took 41.066649436950684
Client 0, submit!, batch_idx is 2611
Client 0 finished! Wait! It took 41.04928135871887
Client 0, submit!, batch_idx is 2612
Client 0 finished! Wait! It took 41.105024337768555
Client 0, submit!, batch_idx is 2613
Client 0 finished! Wait! It took 41.149388790130615
Client 0, submit!, batch_idx is 2614
Client 0 finished! Wait! It took 41.15134406089783
Client 0, submit!, batch_idx is 2615
Client 0 finished! Wait! It took 41.19206929206848
Client 0, submit!, batch_idx is 2616
Client 0 finished! Wait! It took 41.24485802650452
Client 0, submit!, batch_idx is 2617
Client 0 finished! Wait! It took 41.28436851501465
Client 0, submit!, batch_idx is 2618
Client 0 finished! Wait! It took 41.32856202125549
Client 0, submit!, batch_idx is 2619
Client 0 finished! Wait! It took 41.310465812683105
Client 0, submit!, batch_idx is 2620
Client 0 finished! Wait! It took 41.35141563415527
Client 0, submit!, batch_idx is 2621
Client 0 finished! Wait! It took 41.3460111618042
Client 0, submit!, batch_idx is 2622
Client 0 finished! Wait! It took 41.31296396255493
Client 0, submit!, batch_idx is 2623
Client 0 finished! Wait! It took 41.345906019210815
Client 0, submit!, batch_idx is 2624
Client 0 finished! Wait! It took 41.30559515953064
Client 0, submit!, batch_idx is 2625
Client 0 finished! Wait! It took 41.34237551689148
Client 0, submit!, batch_idx is 2626
Client 0 finished! Wait! It took 41.26529908180237
Client 0, submit!, batch_idx is 2627
Client 0 finished! Wait! It took 41.318719148635864
Client 0, submit!, batch_idx is 2628
Client 0 finished! Wait! It took 41.32909560203552
Client 0, submit!, batch_idx is 2629
Client 0 finished! Wait! It took 41.357547760009766
Client 0, submit!, batch_idx is 2630
Client 0 finished! Wait! It took 41.393908977508545
Client 0, submit!, batch_idx is 2631
Client 0 finished! Wait! It took 41.410802364349365
Client 0, submit!, batch_idx is 2632
Client 0 finished! Wait! It took 41.4195339679718
Client 0, submit!, batch_idx is 2633
Client 0 finished! Wait! It took 41.47608137130737
Client 0, submit!, batch_idx is 2634
Client 0 finished! Wait! It took 41.524539947509766
Client 0, submit!, batch_idx is 2635
Client 0 finished! Wait! It took 41.53074812889099
Client 0, submit!, batch_idx is 2636
Client 0 finished! Wait! It took 41.54361391067505
Client 0, submit!, batch_idx is 2637
Client 0 finished! Wait! It took 41.46426200866699
Client 0, submit!, batch_idx is 2638
Client 0 finished! Wait! It took 41.46264457702637
Client 0, submit!, batch_idx is 2639
Client 0 finished! Wait! It took 41.39798402786255
Client 0, submit!, batch_idx is 2640
Client 0 finished! Wait! It took 41.40520191192627
Client 0, submit!, batch_idx is 2641
Client 0 finished! Wait! It took 41.446714639663696
Client 0, submit!, batch_idx is 2642
Client 0 finished! Wait! It took 41.498047828674316
Client 0, submit!, batch_idx is 2643
Client 0 finished! Wait! It took 41.49283313751221
Client 0, submit!, batch_idx is 2644
Client 0 finished! Wait! It took 41.507237672805786
Client 0, submit!, batch_idx is 2645
Client 0 finished! Wait! It took 41.56120729446411
Client 0, submit!, batch_idx is 2646
Client 0 finished! Wait! It took 41.599027156829834
Client 0, submit!, batch_idx is 2647
Client 0 finished! Wait! It took 41.52926182746887
Client 0, submit!, batch_idx is 2648
Client 0 finished! Wait! It took 41.55721735954285
Client 0, submit!, batch_idx is 2649
Client 0 finished! Wait! It took 41.59024786949158
Client 0, submit!, batch_idx is 2650
Client 0 finished! Wait! It took 41.62155771255493
Client 0, submit!, batch_idx is 2651
Client 0 finished! Wait! It took 41.66813135147095
Client 0, submit!, batch_idx is 2652
Client 0 finished! Wait! It took 41.70688509941101
Client 0, submit!, batch_idx is 2653
Client 0 finished! Wait! It took 41.745572566986084
Client 0, submit!, batch_idx is 2654
Client 0 finished! Wait! It took 41.800177812576294
Client 0, submit!, batch_idx is 2655
Client 0 finished! Wait! It took 41.79759478569031
Client 0, submit!, batch_idx is 2656
Client 0 finished! Wait! It took 41.831725120544434
Client 0, submit!, batch_idx is 2657
Client 0 finished! Wait! It took 41.818278074264526
Client 0, submit!, batch_idx is 2658
Client 0 finished! Wait! It took 41.79799127578735
Client 0, submit!, batch_idx is 2659
Client 0 finished! Wait! It took 41.84412932395935
Client 0, submit!, batch_idx is 2660
Client 0 finished! Wait! It took 41.8572359085083
Client 0, submit!, batch_idx is 2661
Client 0 finished! Wait! It took 41.88762807846069
Client 0, submit!, batch_idx is 2662
Client 0 finished! Wait! It took 41.85976958274841
Client 0, submit!, batch_idx is 2663
Client 0 finished! Wait! It took 41.90677547454834
Client 0, submit!, batch_idx is 2664
Client 0 finished! Wait! It took 41.91714000701904
Client 0, submit!, batch_idx is 2665
Client 0 finished! Wait! It took 41.93543291091919
Client 0, submit!, batch_idx is 2666
Client 0 finished! Wait! It took 41.97727584838867
Client 0, submit!, batch_idx is 2667
Client 0 finished! Wait! It took 42.02706480026245
Client 0, submit!, batch_idx is 2668
Client 0 finished! Wait! It took 42.04066610336304
Client 0, submit!, batch_idx is 2669
Client 0 finished! Wait! It took 42.04267692565918
Client 0, submit!, batch_idx is 2670
Client 0 finished! Wait! It took 42.083181619644165
Client 0, submit!, batch_idx is 2671
Client 0 finished! Wait! It took 42.09747099876404
Client 0, submit!, batch_idx is 2672
Client 0 finished! Wait! It took 42.133296489715576
Client 0, submit!, batch_idx is 2673
Client 0 finished! Wait! It took 42.14010310173035
Client 0, submit!, batch_idx is 2674
Client 0 finished! Wait! It took 42.186906814575195
Client 0, submit!, batch_idx is 2675
Client 0 finished! Wait! It took 42.15423536300659
Client 0, submit!, batch_idx is 2676
Client 0 finished! Wait! It took 42.1963415145874
Client 0, submit!, batch_idx is 2677
Client 0 finished! Wait! It took 42.23392128944397
Client 0, submit!, batch_idx is 2678
Client 0 finished! Wait! It took 42.28856301307678
Client 0, submit!, batch_idx is 2679
Client 0 finished! Wait! It took 42.339553117752075
Client 0, submit!, batch_idx is 2680
Client 0 finished! Wait! It took 42.366255044937134
Client 0, submit!, batch_idx is 2681
Client 0 finished! Wait! It took 42.40975904464722
Client 0, submit!, batch_idx is 2682
Client 0 finished! Wait! It took 42.393253803253174
Client 0, submit!, batch_idx is 2683
Client 0 finished! Wait! It took 42.44820022583008
Client 0, submit!, batch_idx is 2684
Client 0 finished! Wait! It took 42.48483633995056
Client 0, submit!, batch_idx is 2685
Client 0 finished! Wait! It took 42.524041414260864
Client 0, submit!, batch_idx is 2686
Client 0 finished! Wait! It took 42.578924894332886
Client 0, submit!, batch_idx is 2687
Client 0 finished! Wait! It took 42.62931156158447
Client 0, submit!, batch_idx is 2688
Client 0 finished! Wait! It took 42.66364789009094
Client 0, submit!, batch_idx is 2689
Client 0 finished! Wait! It took 42.69232940673828
Client 0, submit!, batch_idx is 2690
Client 0 finished! Wait! It took 42.72729420661926
Client 0, submit!, batch_idx is 2691
Client 0 finished! Wait! It took 42.753023624420166
Client 0, submit!, batch_idx is 2692
Client 0 finished! Wait! It took 42.77402853965759
Client 0, submit!, batch_idx is 2693
Client 0 finished! Wait! It took 42.83066415786743
Client 0, submit!, batch_idx is 2694
Client 0 finished! Wait! It took 42.86262559890747
Client 0, submit!, batch_idx is 2695
Client 0 finished! Wait! It took 42.78617763519287
Client 0, submit!, batch_idx is 2696
Client 0 finished! Wait! It took 42.81401181221008
Client 0, submit!, batch_idx is 2697
Client 0 finished! Wait! It took 42.82589626312256
Client 0, submit!, batch_idx is 2698
Client 0 finished! Wait! It took 42.86767578125
Client 0, submit!, batch_idx is 2699
Client 0 finished! Wait! It took 42.8641357421875
Client 0, submit!, batch_idx is 2700
Client 0 finished! Wait! It took 42.86050891876221
Client 0, submit!, batch_idx is 2701
Client 0 finished! Wait! It took 42.88667631149292
Client 0, submit!, batch_idx is 2702
Client 0 finished! Wait! It took 42.7937912940979
Client 0, submit!, batch_idx is 2703
Client 0 finished! Wait! It took 42.84546995162964
Client 0, submit!, batch_idx is 2704
Client 0 finished! Wait! It took 42.90178728103638
Client 0, submit!, batch_idx is 2705
Client 0 finished! Wait! It took 42.89971590042114
Client 0, submit!, batch_idx is 2706
Client 0 finished! Wait! It took 42.889456272125244
Client 0, submit!, batch_idx is 2707
Client 0 finished! Wait! It took 42.9402437210083
Client 0, submit!, batch_idx is 2708
Client 0 finished! Wait! It took 42.98357009887695
Client 0, submit!, batch_idx is 2709
Client 0 finished! Wait! It took 43.03851866722107
Client 0, submit!, batch_idx is 2710
Client 0 finished! Wait! It took 43.08032560348511
Client 0, submit!, batch_idx is 2711
Client 0 finished! Wait! It took 43.07697796821594
Client 0, submit!, batch_idx is 2712
Client 0 finished! Wait! It took 43.105037689208984
Client 0, submit!, batch_idx is 2713
Client 0 finished! Wait! It took 43.14461159706116
Client 0, submit!, batch_idx is 2714
Client 0 finished! Wait! It took 43.18197298049927
Client 0, submit!, batch_idx is 2715
Client 0 finished! Wait! It took 43.23758816719055
Client 0, submit!, batch_idx is 2716
Client 0 finished! Wait! It took 43.2789945602417
Client 0, submit!, batch_idx is 2717
Client 0 finished! Wait! It took 43.29292321205139
Client 0, submit!, batch_idx is 2718
Client 0 finished! Wait! It took 43.20232915878296
Client 0, submit!, batch_idx is 2719
Client 0 finished! Wait! It took 43.18289232254028
Client 0, submit!, batch_idx is 2720
Client 0 finished! Wait! It took 43.2378203868866
Client 0, submit!, batch_idx is 2721
Client 0 finished! Wait! It took 43.201974630355835
Client 0, submit!, batch_idx is 2722
Client 0 finished! Wait! It took 43.196674823760986
Client 0, submit!, batch_idx is 2723
Client 0 finished! Wait! It took 43.19171857833862
Client 0, submit!, batch_idx is 2724
Client 0 finished! Wait! It took 43.22287082672119
Client 0, submit!, batch_idx is 2725
Client 0 finished! Wait! It took 43.258289098739624
Client 0, submit!, batch_idx is 2726
Client 0 finished! Wait! It took 43.299540281295776
Client 0, submit!, batch_idx is 2727
Client 0 finished! Wait! It took 43.35244083404541
Client 0, submit!, batch_idx is 2728
Client 0 finished! Wait! It took 43.397966623306274
Client 0, submit!, batch_idx is 2729
Client 0 finished! Wait! It took 43.442333936691284
Client 0, submit!, batch_idx is 2730
Client 0 finished! Wait! It took 43.471396923065186
Client 0, submit!, batch_idx is 2731
Client 0 finished! Wait! It took 43.472020864486694
Client 0, submit!, batch_idx is 2732
Client 0 finished! Wait! It took 43.50207018852234
Client 0, submit!, batch_idx is 2733
Client 0 finished! Wait! It took 43.555617570877075
Client 0, submit!, batch_idx is 2734
Client 0 finished! Wait! It took 43.48468518257141
Client 0, submit!, batch_idx is 2735
Client 0 finished! Wait! It took 43.42621183395386
Client 0, submit!, batch_idx is 2736
Client 0 finished! Wait! It took 43.42041778564453
Client 0, submit!, batch_idx is 2737
Client 0 finished! Wait! It took 43.28618001937866
Client 0, submit!, batch_idx is 2738
Client 0 finished! Wait! It took 43.31039881706238
Client 0, submit!, batch_idx is 2739
Client 0 finished! Wait! It took 43.2344446182251
Client 0, submit!, batch_idx is 2740
Client 0 finished! Wait! It took 43.28691840171814
Client 0, submit!, batch_idx is 2741
Client 0 finished! Wait! It took 43.32458472251892
Client 0, submit!, batch_idx is 2742
Client 0 finished! Wait! It took 43.370038747787476
Client 0, submit!, batch_idx is 2743
Client 0 finished! Wait! It took 43.417399168014526
Client 0, submit!, batch_idx is 2744
Client 0 finished! Wait! It took 43.468377113342285
Client 0, submit!, batch_idx is 2745
Client 0 finished! Wait! It took 43.486088037490845
Client 0, submit!, batch_idx is 2746
Client 0 finished! Wait! It took 43.481205463409424
Client 0, submit!, batch_idx is 2747
Client 0 finished! Wait! It took 43.50232911109924
Client 0, submit!, batch_idx is 2748
Client 0 finished! Wait! It took 43.55180835723877
Client 0, submit!, batch_idx is 2749
Client 0 finished! Wait! It took 43.54084587097168
Client 0, submit!, batch_idx is 2750
Client 0 finished! Wait! It took 43.55612540245056
Client 0, submit!, batch_idx is 2751
Client 0 finished! Wait! It took 43.59214687347412
Client 0, submit!, batch_idx is 2752
Client 0 finished! Wait! It took 43.60295224189758
Client 0, submit!, batch_idx is 2753
Client 0 finished! Wait! It took 43.64649510383606
Client 0, submit!, batch_idx is 2754
Client 0 finished! Wait! It took 43.68536591529846
Client 0, submit!, batch_idx is 2755
Client 0 finished! Wait! It took 43.64231777191162
Client 0, submit!, batch_idx is 2756
Client 0 finished! Wait! It took 43.68469190597534
Client 0, submit!, batch_idx is 2757
Client 0 finished! Wait! It took 43.71633791923523
Client 0, submit!, batch_idx is 2758
Client 0 finished! Wait! It took 43.68473744392395
Client 0, submit!, batch_idx is 2759
Client 0 finished! Wait! It took 43.69275617599487
Client 0, submit!, batch_idx is 2760
Client 0 finished! Wait! It took 43.74729681015015
Client 0, submit!, batch_idx is 2761
Client 0 finished! Wait! It took 43.79772996902466
Client 0, submit!, batch_idx is 2762
Client 0 finished! Wait! It took 43.853341817855835
Client 0, submit!, batch_idx is 2763
Client 0 finished! Wait! It took 43.87052083015442
Client 0, submit!, batch_idx is 2764
Client 0 finished! Wait! It took 43.903658628463745
Client 0, submit!, batch_idx is 2765
Client 0 finished! Wait! It took 43.95384883880615
Client 0, submit!, batch_idx is 2766
Client 0 finished! Wait! It took 43.883976221084595
Client 0, submit!, batch_idx is 2767
Client 0 finished! Wait! It took 43.90980887413025
Client 0, submit!, batch_idx is 2768
Client 0 finished! Wait! It took 43.95439338684082
Client 0, submit!, batch_idx is 2769
Client 0 finished! Wait! It took 43.9821560382843
Client 0, submit!, batch_idx is 2770
Client 0 finished! Wait! It took 43.99232482910156
Client 0, submit!, batch_idx is 2771
Client 0 finished! Wait! It took 44.04484677314758
Client 0, submit!, batch_idx is 2772
Client 0 finished! Wait! It took 44.08778119087219
Client 0, submit!, batch_idx is 2773
Client 0 finished! Wait! It took 44.07753610610962
Client 0, submit!, batch_idx is 2774
Client 0 finished! Wait! It took 44.10885572433472
Client 0, submit!, batch_idx is 2775
Client 0 finished! Wait! It took 44.13401007652283
Client 0, submit!, batch_idx is 2776
Client 0 finished! Wait! It took 44.16715049743652
Client 0, submit!, batch_idx is 2777
Client 0 finished! Wait! It took 44.22107672691345
Client 0, submit!, batch_idx is 2778
Client 0 finished! Wait! It took 44.26951813697815
Client 0, submit!, batch_idx is 2779
Client 0 finished! Wait! It took 44.301647901535034
Client 0, submit!, batch_idx is 2780
Client 0 finished! Wait! It took 44.34796905517578
Client 0, submit!, batch_idx is 2781
Client 0 finished! Wait! It took 44.40164017677307
Client 0, submit!, batch_idx is 2782
Client 0 finished! Wait! It took 44.38332724571228
Client 0, submit!, batch_idx is 2783
Client 0 finished! Wait! It took 44.28011655807495
Client 0, submit!, batch_idx is 2784
Client 0 finished! Wait! It took 44.27293515205383
Client 0, submit!, batch_idx is 2785
Client 0 finished! Wait! It took 44.251741886138916
Client 0, submit!, batch_idx is 2786
Client 0 finished! Wait! It took 44.29634475708008
Client 0, submit!, batch_idx is 2787
Client 0 finished! Wait! It took 44.222633600234985
Client 0, submit!, batch_idx is 2788
Client 0 finished! Wait! It took 44.269526720047
Client 0, submit!, batch_idx is 2789
Client 0 finished! Wait! It took 44.204092025756836
Client 0, submit!, batch_idx is 2790
Client 0 finished! Wait! It took 44.0492889881134
Client 0, submit!, batch_idx is 2791
Client 0 finished! Wait! It took 44.055248737335205
Client 0, submit!, batch_idx is 2792
Client 0 finished! Wait! It took 43.95221161842346
Client 0, submit!, batch_idx is 2793
Client 0 finished! Wait! It took 43.97448492050171
Client 0, submit!, batch_idx is 2794
Client 0 finished! Wait! It took 44.01920986175537
Client 0, submit!, batch_idx is 2795
Client 0 finished! Wait! It took 44.05193090438843
Client 0, submit!, batch_idx is 2796
Client 0 finished! Wait! It took 44.071624755859375
Client 0, submit!, batch_idx is 2797
Client 0 finished! Wait! It took 44.12422204017639
Client 0, submit!, batch_idx is 2798
Client 0 finished! Wait! It took 44.14126181602478
Client 0, submit!, batch_idx is 2799
Client 0 finished! Wait! It took 44.039422273635864
Client 0, submit!, batch_idx is 2800
Client 0 finished! Wait! It took 44.088001012802124
Client 0, submit!, batch_idx is 2801
Client 0 finished! Wait! It took 44.080763816833496
Client 0, submit!, batch_idx is 2802
Client 0 finished! Wait! It took 44.04115033149719
Client 0, submit!, batch_idx is 2803
Client 0 finished! Wait! It took 43.9819700717926
Client 0, submit!, batch_idx is 2804
Client 0 finished! Wait! It took 43.90879726409912
Client 0, submit!, batch_idx is 2805
Client 0 finished! Wait! It took 43.9351589679718
Client 0, submit!, batch_idx is 2806
Client 0 finished! Wait! It took 43.83939552307129
Client 0, submit!, batch_idx is 2807
Client 0 finished! Wait! It took 43.83850336074829
Client 0, submit!, batch_idx is 2808
Client 0 finished! Wait! It took 43.887380838394165
Client 0, submit!, batch_idx is 2809
Client 0 finished! Wait! It took 43.91714406013489
Client 0, submit!, batch_idx is 2810
Client 0 finished! Wait! It took 43.922240257263184
Client 0, submit!, batch_idx is 2811
Client 0 finished! Wait! It took 43.9667284488678
Client 0, submit!, batch_idx is 2812
Client 0 finished! Wait! It took 43.98149228096008
Client 0, submit!, batch_idx is 2813
Client 0 finished! Wait! It took 43.993505001068115
Client 0, submit!, batch_idx is 2814
Client 0 finished! Wait! It took 44.04206991195679
Client 0, submit!, batch_idx is 2815
Client 0 finished! Wait! It took 44.06446576118469
Client 0, submit!, batch_idx is 2816
Client 0 finished! Wait! It took 44.06117606163025
Client 0, submit!, batch_idx is 2817
Client 0 finished! Wait! It took 44.08921456336975
Client 0, submit!, batch_idx is 2818
Client 0 finished! Wait! It took 44.144421100616455
Client 0, submit!, batch_idx is 2819
Client 0 finished! Wait! It took 44.19979691505432
Client 0, submit!, batch_idx is 2820
Client 0 finished! Wait! It took 44.23788118362427
Client 0, submit!, batch_idx is 2821
Client 0 finished! Wait! It took 44.18942403793335
Client 0, submit!, batch_idx is 2822
Client 0 finished! Wait! It took 44.23473262786865
Client 0, submit!, batch_idx is 2823
Client 0 finished! Wait! It took 44.250221729278564
Client 0, submit!, batch_idx is 2824
Client 0 finished! Wait! It took 44.296380281448364
Client 0, submit!, batch_idx is 2825
Client 0 finished! Wait! It took 44.33787989616394
Client 0, submit!, batch_idx is 2826
Client 0 finished! Wait! It took 44.319899559020996
Client 0, submit!, batch_idx is 2827
Client 0 finished! Wait! It took 44.32474088668823
Client 0, submit!, batch_idx is 2828
Client 0 finished! Wait! It took 44.378119707107544
Client 0, submit!, batch_idx is 2829
Client 0 finished! Wait! It took 44.41288685798645
Client 0, submit!, batch_idx is 2830
Client 0 finished! Wait! It took 44.468549489974976
Client 0, submit!, batch_idx is 2831
Client 0 finished! Wait! It took 44.498255014419556
Client 0, submit!, batch_idx is 2832
Client 0 finished! Wait! It took 44.510470390319824
Client 0, submit!, batch_idx is 2833
Client 0 finished! Wait! It took 44.561392307281494
Client 0, submit!, batch_idx is 2834
Client 0 finished! Wait! It took 44.603625774383545
Client 0, submit!, batch_idx is 2835
Client 0 finished! Wait! It took 44.63927412033081
Client 0, submit!, batch_idx is 2836
Client 0 finished! Wait! It took 44.59565758705139
Client 0, submit!, batch_idx is 2837
Client 0 finished! Wait! It took 44.45285129547119
Client 0, submit!, batch_idx is 2838
Client 0 finished! Wait! It took 44.50666880607605
Client 0, submit!, batch_idx is 2839
Client 0 finished! Wait! It took 44.50537467002869
Client 0, submit!, batch_idx is 2840
Client 0 finished! Wait! It took 44.54245209693909
Client 0, submit!, batch_idx is 2841
Client 0 finished! Wait! It took 44.578349113464355
Client 0, submit!, batch_idx is 2842
Client 0 finished! Wait! It took 44.5779128074646
Client 0, submit!, batch_idx is 2843
Client 0 finished! Wait! It took 44.53331255912781
Client 0, submit!, batch_idx is 2844
Client 0 finished! Wait! It took 44.46839261054993
Client 0, submit!, batch_idx is 2845
Client 0 finished! Wait! It took 44.48963212966919
Client 0, submit!, batch_idx is 2846
Client 0 finished! Wait! It took 44.52759075164795
Client 0, submit!, batch_idx is 2847
Client 0 finished! Wait! It took 44.52138328552246
Client 0, submit!, batch_idx is 2848
Client 0 finished! Wait! It took 44.56550741195679
Client 0, submit!, batch_idx is 2849
Client 0 finished! Wait! It took 44.58811092376709
Client 0, submit!, batch_idx is 2850
Client 0 finished! Wait! It took 44.626007318496704
Client 0, submit!, batch_idx is 2851
Client 0 finished! Wait! It took 44.63890719413757
Client 0, submit!, batch_idx is 2852
Client 0 finished! Wait! It took 44.68361496925354
Client 0, submit!, batch_idx is 2853
Client 0 finished! Wait! It took 44.73075890541077
Client 0, submit!, batch_idx is 2854
Client 0 finished! Wait! It took 44.68679714202881
Client 0, submit!, batch_idx is 2855
Client 0 finished! Wait! It took 44.73961520195007
Client 0, submit!, batch_idx is 2856
Client 0 finished! Wait! It took 44.768012046813965
Client 0, submit!, batch_idx is 2857
Client 0 finished! Wait! It took 44.81397199630737
Client 0, submit!, batch_idx is 2858
Client 0 finished! Wait! It took 44.86955499649048
Client 0, submit!, batch_idx is 2859
Client 0 finished! Wait! It took 44.926522731781006
Client 0, submit!, batch_idx is 2860
Client 0 finished! Wait! It took 44.974514961242676
Client 0, submit!, batch_idx is 2861
Client 0 finished! Wait! It took 44.949607610702515
Client 0, submit!, batch_idx is 2862
Client 0 finished! Wait! It took 44.99226498603821
Client 0, submit!, batch_idx is 2863
Client 0 finished! Wait! It took 44.92770862579346
Client 0, submit!, batch_idx is 2864
Client 0 finished! Wait! It took 44.948469400405884
Client 0, submit!, batch_idx is 2865
Client 0 finished! Wait! It took 44.98128294944763
Client 0, submit!, batch_idx is 2866
Client 0 finished! Wait! It took 45.00236511230469
Client 0, submit!, batch_idx is 2867
Client 0 finished! Wait! It took 45.029074907302856
Client 0, submit!, batch_idx is 2868
Client 0 finished! Wait! It took 45.02786374092102
Client 0, submit!, batch_idx is 2869
Client 0 finished! Wait! It took 45.07023334503174
Client 0, submit!, batch_idx is 2870
Client 0 finished! Wait! It took 45.10848832130432
Client 0, submit!, batch_idx is 2871
Client 0 finished! Wait! It took 45.074363708496094
Client 0, submit!, batch_idx is 2872
Client 0 finished! Wait! It took 45.0132110118866
Client 0, submit!, batch_idx is 2873
Client 0 finished! Wait! It took 44.9796838760376
Client 0, submit!, batch_idx is 2874
Client 0 finished! Wait! It took 45.013593435287476
Client 0, submit!, batch_idx is 2875
Client 0 finished! Wait! It took 45.00891947746277
Client 0, submit!, batch_idx is 2876
Client 0 finished! Wait! It took 45.04001331329346
Client 0, submit!, batch_idx is 2877
Client 0 finished! Wait! It took 45.06981134414673
Client 0, submit!, batch_idx is 2878
Client 0 finished! Wait! It took 45.11764860153198
Client 0, submit!, batch_idx is 2879
Client 0 finished! Wait! It took 45.13891816139221
Client 0, submit!, batch_idx is 2880
Client 0 finished! Wait! It took 45.18765211105347
Client 0, submit!, batch_idx is 2881
Client 0 finished! Wait! It took 45.22723436355591
Client 0, submit!, batch_idx is 2882
Client 0 finished! Wait! It took 45.20563054084778
Client 0, submit!, batch_idx is 2883
Client 0 finished! Wait! It took 45.25222682952881
Client 0, submit!, batch_idx is 2884
Client 0 finished! Wait! It took 45.305264472961426
Client 0, submit!, batch_idx is 2885
Client 0 finished! Wait! It took 45.35977816581726
Client 0, submit!, batch_idx is 2886
Client 0 finished! Wait! It took 45.30373692512512
Client 0, submit!, batch_idx is 2887
Client 0 finished! Wait! It took 45.33248281478882
Client 0, submit!, batch_idx is 2888
Client 0 finished! Wait! It took 45.368390798568726
Client 0, submit!, batch_idx is 2889
Client 0 finished! Wait! It took 45.358850717544556
Client 0, submit!, batch_idx is 2890
Client 0 finished! Wait! It took 45.34383201599121
Client 0, submit!, batch_idx is 2891
Client 0 finished! Wait! It took 45.38443922996521
Client 0, submit!, batch_idx is 2892
Client 0 finished! Wait! It took 45.392887592315674
Client 0, submit!, batch_idx is 2893
Client 0 finished! Wait! It took 45.38980460166931
Client 0, submit!, batch_idx is 2894
Client 0 finished! Wait! It took 45.40299606323242
Client 0, submit!, batch_idx is 2895
Client 0 finished! Wait! It took 45.452380895614624
Client 0, submit!, batch_idx is 2896
Client 0 finished! Wait! It took 45.42461919784546
Client 0, submit!, batch_idx is 2897
Client 0 finished! Wait! It took 45.44937467575073
Client 0, submit!, batch_idx is 2898
Client 0 finished! Wait! It took 45.491639852523804
Client 0, submit!, batch_idx is 2899
Client 0 finished! Wait! It took 45.52517580986023
Client 0, submit!, batch_idx is 2900
Client 0 finished! Wait! It took 45.57955551147461
Client 0, submit!, batch_idx is 2901
Client 0 finished! Wait! It took 45.63092827796936
Client 0, submit!, batch_idx is 2902
Client 0 finished! Wait! It took 45.62861514091492
Client 0, submit!, batch_idx is 2903
Client 0 finished! Wait! It took 45.68453025817871
Client 0, submit!, batch_idx is 2904
Client 0 finished! Wait! It took 45.71867084503174
Client 0, submit!, batch_idx is 2905
Client 0 finished! Wait! It took 45.74491310119629
Client 0, submit!, batch_idx is 2906
Client 0 finished! Wait! It took 45.79835486412048
Client 0, submit!, batch_idx is 2907
Client 0 finished! Wait! It took 45.70948076248169
Client 0, submit!, batch_idx is 2908
Client 0 finished! Wait! It took 45.7548713684082
Client 0, submit!, batch_idx is 2909
Client 0 finished! Wait! It took 45.7960741519928
Client 0, submit!, batch_idx is 2910
Client 0 finished! Wait! It took 45.837308168411255
Client 0, submit!, batch_idx is 2911
Client 0 finished! Wait! It took 45.882625579833984
Client 0, submit!, batch_idx is 2912
Client 0 finished! Wait! It took 45.938244104385376
Client 0, submit!, batch_idx is 2913
Client 0 finished! Wait! It took 45.94192028045654
Client 0, submit!, batch_idx is 2914
Client 0 finished! Wait! It took 45.862611293792725
Client 0, submit!, batch_idx is 2915
Client 0 finished! Wait! It took 45.909072399139404
Client 0, submit!, batch_idx is 2916
Client 0 finished! Wait! It took 45.92149901390076
Client 0, submit!, batch_idx is 2917
Client 0 finished! Wait! It took 45.923237562179565
Client 0, submit!, batch_idx is 2918
Client 0 finished! Wait! It took 45.90477275848389
Client 0, submit!, batch_idx is 2919
Client 0 finished! Wait! It took 45.9385871887207
Client 0, submit!, batch_idx is 2920
Client 0 finished! Wait! It took 45.97995972633362
Client 0, submit!, batch_idx is 2921
Client 0 finished! Wait! It took 46.02019262313843
Client 0, submit!, batch_idx is 2922
Client 0 finished! Wait! It took 46.026023626327515
Client 0, submit!, batch_idx is 2923
Client 0 finished! Wait! It took 46.013832330703735
Client 0, submit!, batch_idx is 2924
Client 0 finished! Wait! It took 46.061524391174316
Client 0, submit!, batch_idx is 2925
Client 0 finished! Wait! It took 46.0986967086792
Client 0, submit!, batch_idx is 2926
Client 0 finished! Wait! It took 46.061784505844116
Client 0, submit!, batch_idx is 2927
Client 0 finished! Wait! It took 46.05177545547485
Client 0, submit!, batch_idx is 2928
Client 0 finished! Wait! It took 45.939868688583374
Client 0, submit!, batch_idx is 2929
Client 0 finished! Wait! It took 45.93943428993225
Client 0, submit!, batch_idx is 2930
Client 0 finished! Wait! It took 45.97513198852539
Client 0, submit!, batch_idx is 2931
Client 0 finished! Wait! It took 45.99495553970337
Client 0, submit!, batch_idx is 2932
Client 0 finished! Wait! It took 46.007569313049316
Client 0, submit!, batch_idx is 2933
Client 0 finished! Wait! It took 46.06003260612488
Client 0, submit!, batch_idx is 2934
Client 0 finished! Wait! It took 46.084391832351685
Client 0, submit!, batch_idx is 2935
Client 0 finished! Wait! It took 46.090739011764526
Client 0, submit!, batch_idx is 2936
Client 0 finished! Wait! It took 46.13918924331665
Client 0, submit!, batch_idx is 2937
Client 0 finished! Wait! It took 46.134416341781616
Client 0, submit!, batch_idx is 2938
Client 0 finished! Wait! It took 46.155067682266235
Client 0, submit!, batch_idx is 2939
Client 0 finished! Wait! It took 46.08926343917847
Client 0, submit!, batch_idx is 2940
Client 0 finished! Wait! It took 46.143280267715454
Client 0, submit!, batch_idx is 2941
Client 0 finished! Wait! It took 46.18669247627258
Client 0, submit!, batch_idx is 2942
Client 0 finished! Wait! It took 46.20584034919739
Client 0, submit!, batch_idx is 2943
Client 0 finished! Wait! It took 46.247477293014526
Client 0, submit!, batch_idx is 2944
Client 0 finished! Wait! It took 46.25312280654907
Client 0, submit!, batch_idx is 2945
Client 0 finished! Wait! It took 46.25215125083923
Client 0, submit!, batch_idx is 2946
Client 0 finished! Wait! It took 46.3035147190094
Client 0, submit!, batch_idx is 2947
Client 0 finished! Wait! It took 46.330349922180176
Client 0, submit!, batch_idx is 2948
Client 0 finished! Wait! It took 46.35765480995178
Client 0, submit!, batch_idx is 2949
Client 0 finished! Wait! It took 46.394980669021606
Client 0, submit!, batch_idx is 2950
Client 0 finished! Wait! It took 46.34283185005188
Client 0, submit!, batch_idx is 2951
Client 0 finished! Wait! It took 46.328224182128906
Client 0, submit!, batch_idx is 2952
Client 0 finished! Wait! It took 46.3362991809845
Client 0, submit!, batch_idx is 2953
Client 0 finished! Wait! It took 46.343066692352295
Client 0, submit!, batch_idx is 2954
Client 0 finished! Wait! It took 46.37407398223877
Client 0, submit!, batch_idx is 2955
Client 0 finished! Wait! It took 46.328375816345215
Client 0, submit!, batch_idx is 2956
Client 0 finished! Wait! It took 46.3368821144104
Client 0, submit!, batch_idx is 2957
Client 0 finished! Wait! It took 46.34180188179016
Client 0, submit!, batch_idx is 2958
Client 0 finished! Wait! It took 46.319605350494385
Client 0, submit!, batch_idx is 2959
Client 0 finished! Wait! It took 46.36244440078735
Client 0, submit!, batch_idx is 2960
Client 0 finished! Wait! It took 46.352272033691406
Client 0, submit!, batch_idx is 2961
Client 0 finished! Wait! It took 46.39928388595581
Client 0, submit!, batch_idx is 2962
Client 0 finished! Wait! It took 46.43806529045105
Client 0, submit!, batch_idx is 2963
Client 0 finished! Wait! It took 46.47750401496887
Client 0, submit!, batch_idx is 2964
Client 0 finished! Wait! It took 46.37954235076904
Client 0, submit!, batch_idx is 2965
Client 0 finished! Wait! It took 46.35771465301514
Client 0, submit!, batch_idx is 2966
Client 0 finished! Wait! It took 46.36513566970825
Client 0, submit!, batch_idx is 2967
Client 0 finished! Wait! It took 46.369288206100464
Client 0, submit!, batch_idx is 2968
Client 0 finished! Wait! It took 46.39221215248108
Client 0, submit!, batch_idx is 2969
Client 0 finished! Wait! It took 46.33037781715393
Client 0, submit!, batch_idx is 2970
Client 0 finished! Wait! It took 46.35869026184082
Client 0, submit!, batch_idx is 2971
Client 0 finished! Wait! It took 46.39548659324646
Client 0, submit!, batch_idx is 2972
Client 0 finished! Wait! It took 46.444034576416016
Client 0, submit!, batch_idx is 2973
Client 0 finished! Wait! It took 46.43829011917114
Client 0, submit!, batch_idx is 2974
Client 0 finished! Wait! It took 46.44114327430725
Client 0, submit!, batch_idx is 2975
Client 0 finished! Wait! It took 46.477439403533936
Client 0, submit!, batch_idx is 2976
Client 0 finished! Wait! It took 46.53232026100159
Client 0, submit!, batch_idx is 2977
Client 0 finished! Wait! It took 46.51491928100586
Client 0, submit!, batch_idx is 2978
Client 0 finished! Wait! It took 46.57013201713562
Client 0, submit!, batch_idx is 2979
Client 0 finished! Wait! It took 46.57716178894043
Client 0, submit!, batch_idx is 2980
Client 0 finished! Wait! It took 46.492467164993286
Client 0, submit!, batch_idx is 2981
Client 0 finished! Wait! It took 46.52621388435364
Client 0, submit!, batch_idx is 2982
Client 0 finished! Wait! It took 46.57113790512085
Client 0, submit!, batch_idx is 2983
Client 0 finished! Wait! It took 46.57823991775513
Client 0, submit!, batch_idx is 2984
Client 0 finished! Wait! It took 46.5675573348999
Client 0, submit!, batch_idx is 2985
Client 0 finished! Wait! It took 46.59282326698303
Client 0, submit!, batch_idx is 2986
Client 0 finished! Wait! It took 46.51199650764465
Client 0, submit!, batch_idx is 2987
Client 0 finished! Wait! It took 46.565632820129395
Client 0, submit!, batch_idx is 2988
Client 0 finished! Wait! It took 46.5932822227478
Client 0, submit!, batch_idx is 2989
Client 0 finished! Wait! It took 46.59853982925415
Client 0, submit!, batch_idx is 2990
Client 0 finished! Wait! It took 46.57482075691223
Client 0, submit!, batch_idx is 2991
Client 0 finished! Wait! It took 46.62296175956726
Client 0, submit!, batch_idx is 2992
Client 0 finished! Wait! It took 46.61551260948181
Client 0, submit!, batch_idx is 2993
Client 0 finished! Wait! It took 46.63930940628052
Client 0, submit!, batch_idx is 2994
Client 0 finished! Wait! It took 46.67625594139099
Client 0, submit!, batch_idx is 2995
Client 0 finished! Wait! It took 46.7265350818634
Client 0, submit!, batch_idx is 2996
Client 0 finished! Wait! It took 46.703258752822876
Client 0, submit!, batch_idx is 2997
Client 0 finished! Wait! It took 46.75273513793945
Client 0, submit!, batch_idx is 2998
Client 0 finished! Wait! It took 46.794668197631836
Client 0, submit!, batch_idx is 2999
Client 0 finished! Wait! It took 46.836745500564575
SCHED DEBUG: Main schedule call returned, waiting at barrier
Total time is 166.77711510658264
Client 0 finished! p50: 23273.69785308838 sec, p95: 44663.661587238304 sec, p99: 46419.062402248375 sec
Finished! Ready to join!
train joined!
sched joined!
--------- all threads joined!
KERNEL_INFO_FILE IS /home/cc/orion/benchmarking/model_kernels/rtx6000/bert_2_fwd
----------- SIZE: 429
size is 0
Stream for client 0 is -1275014864
At get streams, idx is 0, is_sequential is 0
EXIT LOOP!
EXIT LOOP!
Client 0, Total loop took 166.774994 sec
EXIT LOOP!
Total loop took 166.774994 sec
